tconst,titleType,primaryTitle,originalTitle,isAdult,startYear,endYear,runtimeMinutes,genres
tt0011594,movie,Pour don Carlos,Pour don Carlos,0,2021,\N,\N,\N
tt0104988,movie,Neues in Wittstock,Neues in Wittstock,0,2021,\N,100,Documentary
tt0112600,movie,Burnzy's Last Call,Burnzy's Last Call,0,2022,\N,85,"Comedy,Drama"
tt0199602,movie,Holy Hollywood,Holy Hollywood,0,2021,\N,82,Comedy
tt0228802,movie,Mugen ryûkyû tsuru Henrî,Mugen ryûkyû tsuru Henrî,0,2021,\N,85,"Drama,Fantasy"
tt0293429,movie,Mortal Kombat,Mortal Kombat,0,2021,\N,110,"Action,Adventure,Fantasy"
tt0326716,movie,5-25-77,'77,0,2021,\N,113,"Comedy,Drama"
tt0346172,movie,Zamaanat: And Justice for All,Zamaanat: And Justice for All,0,2021,\N,\N,"Drama,Family,Mystery"
tt0426522,movie,Making Angels,Making Angels,0,2022,\N,\N,"Comedy,Drama,Fantasy"
tt0439572,movie,The Flash,The Flash,0,2022,\N,\N,"Action,Adventure,Fantasy"
tt0451272,movie,Nefarious,Nefarious,0,2022,\N,85,"Crime,Thriller"
tt0499097,movie,Without Remorse,Without Remorse,0,2021,\N,109,"Action,Thriller,War"
tt0760323,movie,Slow Moses,Slow Moses,0,2023,\N,93,Drama
tt0803053,movie,M,M,0,2023,\N,\N,"Adventure,Comedy,Drama"
tt0818543,movie,Z,Z,0,2021,\N,\N,"Action,Adventure,Drama"
tt0840306,movie,Cosmic Radio,Cosmic Radio,0,2022,\N,90,"Comedy,Drama,Romance"
tt0849437,movie,Duel of Legends,Duel of Legends,0,2023,\N,\N,"Action,Drama,Sport"
tt0870154,movie,Jungle Cruise,Jungle Cruise,0,2021,\N,127,"Action,Adventure,Comedy"
tt0887261,movie,Hellraiser,Hellraiser,0,2022,\N,\N,"Horror,Thriller"
tt0965381,movie,Milli Vanilli,Milli Vanilli,0,2022,\N,\N,"Comedy,Drama"
tt0993840,movie,Army of the Dead,Army of the Dead,0,2021,\N,148,"Action,Crime,Horror"
tt0995854,movie,A Journal for Jordan,A Journal for Jordan,0,2021,\N,131,Drama
tt10002230,movie,Back Home Again,Back Home Again,0,2021,\N,\N,"Animation,Family"
tt10003618,movie,Celts,Kelti,0,2021,\N,106,Drama
tt10005622,movie,Chinese Speaking Vampires,Chinese Speaking Vampires,0,2021,\N,80,Action
tt10010852,movie,F-Word,F-Word,0,2021,\N,78,Comedy
tt10010874,movie,The 10th Man,The 10th Man,0,2021,\N,\N,Comedy
tt10011002,movie,Preman,Preman,0,2021,\N,92,"Action,Crime,Drama"
tt10012930,movie,Uljanenko uncensored,Uljanenko uncensored,0,2021,\N,90,Documentary
tt10013588,movie,Shlyakh mertsya,Shlyakh mertsya,0,2022,\N,82,Horror
tt10014534,movie,Sirens,Sirens,0,2022,\N,78,Documentary
tt1001520,movie,Last Voyage of the Demeter,Last Voyage of the Demeter,0,2023,\N,\N,Horror
tt10016152,movie,Mr Nelson on the North Side,Mr Nelson on the North Side,0,2021,\N,68,Documentary
tt10016180,movie,The Little Things,The Little Things,0,2021,\N,128,"Crime,Drama,Mystery"
tt10016454,movie,Willie Lynch,Willie Lynch,0,2021,\N,\N,"Mystery,Thriller"
tt10021068,movie,The Flag,The Flag,0,2021,\N,52,Documentary
tt10022716,movie,Howard's Mill,Howard's Mill,0,2021,\N,96,"Crime,Horror"
tt10022782,movie,Everything I Ever Wanted to Tell My Daughter About Men,Everything I Ever Wanted to Tell My Daughter About Men,0,2021,\N,\N,Drama
tt10023286,movie,The Humans,The Humans,0,2021,\N,108,Drama
tt10026772,movie,Bertha Lutz,Bertha Lutz,0,2021,\N,98,Documentary
tt10028196,movie,Laal Singh Chaddha,Laal Singh Chaddha,0,2022,\N,\N,"Comedy,Drama,War"
tt10029484,movie,MobSense,MobSense,0,2022,\N,\N,Comedy
tt10032342,movie,Cosas imposibles,Cosas imposibles,0,2021,\N,89,Drama
tt10032574,movie,Pure White,Pure White,0,2021,\N,97,Drama
tt10032644,movie,The Urn,The Urn,0,2023,\N,\N,Thriller
tt10033964,movie,Desert Moon,Desert Moon,0,2021,\N,\N,Horror
tt10035194,movie,Adventures in Game Chasing,The Game Chasers Movie,0,2022,\N,101,Comedy
tt10037014,movie,Fear of Rain,Fear of Rain,0,2021,\N,109,"Drama,Horror,Thriller"
tt10037934,movie,One Moment,One Moment,0,2021,\N,114,Comedy
tt10038660,movie,"Our Lady of San Juan, Four Centuries of Miracles","Virgen de San Juan, cuatro siglos de milagros",0,2021,\N,122,"Drama,History"
tt10038830,movie,Roses. Film-Cabaret,Roses. Film-Cabaret,0,2021,\N,78,"Documentary,Musical"
tt10039364,movie,Mamma Moo Finds Her Way Home,Mamma Mu hittar hem,0,2021,\N,65,"Animation,Family"
tt10040978,movie,12 O'Clock,12 O'Clock,0,2021,\N,155,"Horror,Thriller"
tt10041260,movie,The Walk-On's,The Walk-On's,0,2022,\N,\N,"Action,Biography,Comedy"
tt10042482,movie,Falling Stars,Falling Stars,0,2022,\N,\N,"Drama,Horror"
tt10042788,movie,Promises,Promises,0,2021,\N,113,Drama
tt10042868,movie,Generation Wrecks,Generation Wrecks,0,2021,\N,112,Comedy
tt10043660,movie,Engaged in Vegas,Engaged in Vegas,0,2021,\N,79,Comedy
tt10044610,movie,Badlander,Badlander,0,2021,\N,\N,"Action,Horror,Thriller"
tt10044946,movie,A Trip with Your Wife,A Trip with Your Wife,0,2021,\N,95,Comedy
tt10047464,movie,The Christmas Spirit,The Christmas Spirit,0,2022,\N,\N,"Action,Comedy,Crime"
tt10047904,movie,Darkling,Mrak,0,2022,\N,\N,Drama
tt10047958,movie,Bad President,Bad President,0,2021,\N,90,"Comedy,Fantasy"
tt10049382,movie,Faith and a Miracle,Faith and a Miracle,0,2023,\N,\N,"Drama,Family"
tt10049720,movie,Charlie Hustle,Charlie Hustle,0,2022,\N,\N,Drama
tt10050150,movie,Vaa Deal,Vaa Deal,0,2021,\N,\N,Action
tt10051000,movie,Sans soleil,Sans soleil,0,2021,\N,99,Drama
tt10054536,movie,Shiva's Daughter,Shiva's Daughter,0,2022,\N,151,Drama
tt10054778,movie,Famous,Famous,0,2021,\N,110,Drama
tt10055546,movie,Supercool,Supercool,0,2021,\N,100,"Action,Comedy,Fantasy"
tt10059182,movie,La otra parte,La otra parte,0,2021,\N,\N,Documentary
tt10059254,movie,Devil Put the Coal in the Ground,Devil Put the Coal in the Ground,0,2021,\N,\N,Documentary
tt10059508,movie,"David Mirisch, the Man Behind the Golden Stars","David Mirisch, the Man Behind the Golden Stars",0,2021,\N,84,Documentary
tt10059560,movie,Tony Foster: Painting at the Edge,Tony Foster: Painting at the Edge,0,2022,\N,\N,Documentary
tt10061464,movie,Gunpoint,Gunpoint,0,2021,\N,107,Thriller
tt10062338,movie,Earwig,Earwig,0,2021,\N,114,Drama
tt10062556,movie,Bhuj: The Pride of India,Bhuj: The Pride of India,0,2021,\N,113,"Action,Drama,History"
tt10062628,movie,Shadow,Sombra,0,2021,\N,115,Drama
tt10064134,movie,The Reunion,The Reunion,0,2022,\N,\N,Drama
tt10066808,movie,Lightships,Lightships,0,2021,\N,\N,Sci-Fi
tt10068716,movie,Let Me Be Frank,Let Me Be Frank,0,2021,\N,82,"Comedy,Drama"
tt10069166,movie,Destination Marfa,Marfa,0,2021,\N,97,Sci-Fi
tt10071594,movie,I Am Here,I Am Here,0,2021,\N,73,"Animation,Documentary"
tt10072662,movie,A Bookshop in Paris,Il materiale emotivo,0,2021,\N,89,"Comedy,Drama,Romance"
tt10075380,movie,Realm of Terracotta,Realm of Terracotta,0,2021,\N,111,"Adventure,Animation,Fantasy"
tt10075650,movie,Indiana Jones and the Sanctuary of the Black Order,Indiana Jones and the Sanctuary of the Black Order,0,2021,\N,100,"Action,Adventure,Romance"
tt10077034,movie,Twist,Twist,0,2021,\N,90,"Action,Drama"
tt10077458,movie,My Upside Down World,My Upside Down World,0,2021,\N,70,"Biography,Documentary,Sport"
tt10078886,movie,Washington's Armor,Washington's Armor,0,2022,\N,\N,History
tt10078904,movie,Apex Predators,Jaws of Los Angeles,0,2021,\N,75,Horror
tt10079796,movie,The Wasteland of Education,The Wasteland of Education,0,2021,\N,120,"Drama,Music"
tt10080086,movie,August Never Ends,Ba yue wei yang,0,2021,\N,95,Drama
tt10080198,movie,A Lion's Game,A Lion's Game,0,2022,\N,\N,Crime
tt10080926,movie,Efeito Placebo,Efeito Placebo,0,2021,\N,\N,"Horror,Thriller"
tt10083174,movie,The Stairs,The Stairs,0,2021,\N,92,"Horror,Sci-Fi"
tt10083340,movie,Gangubai Kathiawadi,Gangubai Kathiawadi,0,2022,\N,\N,"Biography,Crime,Drama"
tt10083612,movie,Cut the Painter,Cut the Painter,0,2022,\N,\N,Drama
tt10083640,movie,Bhoot Police,Bhoot Police,0,2021,\N,129,"Comedy,Horror"
tt10083868,movie,Bole Chudiyan,Bole Chudiyan,0,2021,\N,\N,"Comedy,Drama,Romance"
tt10085100,movie,Kent State,Kent State,0,2022,\N,\N,Drama
tt10088984,movie,Between Two Worlds,Ouistreham,0,2021,\N,106,Drama
tt10090058,movie,Satria Dewa: Gatotkaca,Satria Dewa: Gatotkaca,0,2022,\N,\N,"Action,Drama,Fantasy"
tt10090114,movie,The Naked Ghost,The Naked Ghost,0,2021,\N,96,Horror
tt10092362,movie,Pastor's Wife,Pastor's Wife,0,2022,\N,\N,Drama
tt10095328,movie,The Undertaker's Wife,The Undertaker's Wife,0,2021,\N,\N,Thriller
tt10095332,movie,I Won't Be Home for Christmas,I Won't Be Home for Christmas,0,2021,\N,\N,"Comedy,Musical,Romance"
tt10095582,movie,The Tragedy of Macbeth,The Tragedy of Macbeth,0,2021,\N,105,"Drama,History,Thriller"
tt10095624,movie,Untitled Elvis Presley Project,Untitled Elvis Presley Project,0,2021,\N,\N,\N
tt10096842,movie,False Positive,False Positive,0,2021,\N,92,"Horror,Mystery,Thriller"
tt10097312,movie,Manchurian Tiger,Manchurian Tiger,0,2021,\N,118,"Comedy,Drama"
tt10097362,movie,The Exorcism of Carmen Farias,El Exorcismo de Carmen Farías,0,2021,\N,93,Horror
tt10097384,movie,Home Sweet Home,Mi mi fang ke,0,2021,\N,110,"Drama,Mystery,Thriller"
tt10097618,movie,Stanislaw,Stanislaw,0,2022,\N,\N,Documentary
tt10098288,movie,Roohi,Roohi,0,2021,\N,134,"Comedy,Horror"
tt10098340,movie,Así era,Así era,0,2022,\N,\N,Documentary
tt10098452,movie,Animals,Animals,0,2021,\N,91,"Crime,Drama"
tt10101702,movie,My Little Pony: A New Generation,My Little Pony: A New Generation,0,2021,\N,90,"Adventure,Animation,Comedy"
tt10102080,movie,Range Roads,Range Roads,0,2021,\N,86,Drama
tt10106394,movie,Forest for the Trees,Forest for the Trees,0,2021,\N,91,Documentary
tt10108062,movie,Lavinya,Lavinya,0,2021,\N,100,"Drama,Thriller"
tt10108708,movie,Zinga,Zinga,0,2021,\N,\N,"Adventure,Fantasy,Sci-Fi"
tt10111198,movie,Happy Thanksgiving,Happy Thanksgiving,0,2021,\N,\N,Comedy
tt10115874,movie,The Diary: An Untold Story,The Diary: An Untold Story,0,2021,\N,\N,"Drama,Mystery,Romance"
tt10115998,movie,The Cincinnati Spin,The Cincinnati Spin,0,2023,\N,\N,"Crime,Drama,Mystery"
tt10116022,movie,Man vs Bigfoot,Man vs Bigfoot,0,2021,\N,91,Thriller
tt10116556,movie,The Way It Is and the Way It Used to Be,The Way It Is and the Way It Used to Be,0,2021,\N,\N,Comedy
tt10121028,movie,Daughter of Mine,Daughter of Mine,0,2021,\N,85,"Crime,Documentary"
tt10121222,movie,Paul Keller - Stille im Schrei,Paul Keller - Stille im Schrei,0,2021,\N,\N,Drama
tt10121392,movie,Thunder Force,Thunder Force,0,2021,\N,106,"Action,Adventure,Comedy"
tt10121702,movie,Ghostwritten,Ghostwritten,0,2021,\N,\N,Thriller
tt10125706,movie,Beer Pioneers,Beer Pioneers,0,2023,\N,\N,Documentary
tt10126040,movie,The Exchange,The Exchange,0,2021,\N,93,"Comedy,Drama"
tt10126338,movie,Brand X: The Desert Years,Brand X: The Desert Years,0,2023,\N,\N,Documentary
tt10127464,movie,Reflection,Reflection,0,2021,\N,109,"Drama,Mystery,Thriller"
tt10127772,movie,Tommy Machismo 2,Tommy Machismo 2,0,2022,\N,\N,Comedy
tt10127964,movie,Perspectiva,Perspectiva,0,2021,\N,90,"Drama,Sci-Fi"
tt10131024,movie,Shut In,Shut In,0,2022,\N,\N,"Drama,Horror,Thriller"
tt10134812,movie,Let Me Be Me,Let Me Be Me,0,2022,\N,75,Documentary
tt10135310,movie,The Castle,The Castle,0,2022,\N,\N,Horror
tt10140778,movie,Obesity America's Other Enemy,Obesity America's Other Enemy,0,2021,\N,\N,Documentary
tt10140990,movie,Mindgame,Mindgame,0,2022,\N,\N,"Crime,Drama"
tt10141026,movie,Big Trouble in Seattle,Big Trouble in Seattle,0,2021,\N,76,"Crime,Thriller"
tt10141678,movie,Fate of the Night,Fate of the Night,0,2022,\N,\N,"Drama,Horror,Thriller"
tt10146532,movie,Ojai,Ojai,0,2022,\N,\N,Drama
tt10147580,movie,Three Wishes for Cinderella,Tre nøtter til Askepott,0,2021,\N,87,"Family,Fantasy"
tt10147950,movie,My Election,My Election,0,2023,\N,75,Documentary
tt10149976,movie,Poor Lucky Rich Boy,Poor Lucky Rich Boy,0,2021,\N,68,"Comedy,Romance"
tt10150354,movie,The Four Fathers,The Four Fathers,0,2022,\N,\N,Drama
tt10150634,movie,23 Short Films About the End of the World,23 Short Films About the End of the World,0,2022,\N,\N,"Comedy,Drama,Fantasy"
tt10150676,movie,Daemonium,Daemonium,0,2021,\N,13,Horror
tt10150684,movie,Bigger Than Us,Bigger Than Us,0,2021,\N,95,Documentary
tt10151074,movie,Wish You Were Here,Wish You Were Here,0,2021,\N,63,"Comedy,Drama"
tt10151854,movie,Shazam! Fury of the Gods,Shazam! Fury of the Gods,0,2023,\N,\N,"Action,Adventure,Comedy"
tt10152736,movie,Thalaivi,Thalaivi,0,2021,\N,153,"Biography,Drama"
tt10155932,movie,Cinderella,Cinderella,0,2021,\N,113,"Comedy,Family,Fantasy"
tt10156158,movie,Vie Feroce,Vie Feroce,0,2022,\N,\N,Drama
tt10156216,movie,Alia's Birth,Alia's Birth,0,2021,\N,66,Drama
tt10156586,movie,Snow Black,Snow Black,0,2021,\N,85,Action
tt10160886,movie,Sneakerella,Sneakerella,0,2022,\N,\N,"Comedy,Family,Musical"
tt10160896,movie,DOMINO: Battle of the Bones,Domino: Battle of the Bones,0,2021,\N,110,Comedy
tt10160974,movie,Witch Hunt,Witch Hunt,0,2021,\N,98,"Fantasy,Horror,Thriller"
tt1016150,movie,All Quiet on the Western Front,All Quiet on the Western Front,0,2022,\N,\N,"Action,Drama,War"
tt10162872,movie,Quest for Steel,Quest for Steel,0,2021,\N,130,Fantasy
tt10164206,movie,The Maltese Connection,The Maltese Connection,0,2021,\N,93,Adventure
tt10165918,movie,The Changed,The Changed,0,2021,\N,80,"Sci-Fi,Thriller"
tt10166508,movie,Ditched,Ditched,0,2021,\N,86,Horror
tt10166880,movie,Vera Dreams of the Sea,Vera andrron detin,0,2021,\N,82,Drama
tt10168094,movie,Shadow Parties,Shadow Parties,0,2021,\N,116,Action
tt10171848,movie,Pigeon's Milk,Moloko ptitsy,0,2021,\N,78,Drama
tt10172716,movie,Oleg: The Oleg Vidov Story,Oleg: The Oleg Vidov Story,0,2021,\N,\N,Documentary
tt10175106,movie,Giving Birth to a Butterfly,Giving Birth to a Butterfly,0,2021,\N,77,\N
tt10177394,movie,59 Minutes in a Bunker with the President of the United States,59 Minutes in a Bunker with the President of the United States,0,2021,\N,\N,Comedy
tt10178004,movie,Rapture Camp,Rapture Camp,0,2022,\N,\N,Comedy
tt10179354,movie,Frankenstein,Frankenstein,0,2021,\N,\N,\N
tt10187208,movie,A Boy Called Christmas,A Boy Called Christmas,0,2021,\N,106,"Adventure,Drama,Family"
tt10188398,movie,Take Me to Tarzana,Take Me to Tarzana,0,2021,\N,106,Comedy
tt10188844,movie,Hello Jindagi,Hello Jindagi,0,2022,\N,\N,Drama
tt10189338,movie,Quel genio del mio amico,Quel genio del mio amico,0,2021,\N,\N,Comedy
tt10189536,movie,Barbarians,Barbarians,0,2021,\N,89,Thriller
tt10192406,movie,"Red, White and Water","Red, White and Water",0,2022,\N,\N,Drama
tt10192704,movie,My True Fairytale,My True Fairytale,0,2021,\N,86,"Drama,Mystery,Thriller"
tt10193142,movie,Gap Weekend,Gap Weekend,0,2022,\N,83,Comedy
tt10193752,movie,The Real Charlie Chaplin,The Real Charlie Chaplin,0,2021,\N,114,Documentary
tt10194058,movie,13 Tracks to Frighten Agatha Black,13 Tracks to Frighten Agatha Black,0,2021,\N,\N,Thriller
tt10195722,movie,Highway One,Highway 1,0,2021,\N,90,Drama
tt10196108,movie,Eugénie Grandet,Eugénie Grandet,0,2021,\N,103,Drama
tt10196368,movie,Nothing Compares,Nothing Compares,0,2022,\N,97,Documentary
tt10196480,movie,North by Current,North by Current,0,2021,\N,86,Documentary
tt10196568,movie,On the Divide,On the Divide,0,2021,\N,79,Documentary
tt10196620,movie,Shepherd,Shepherd,0,2021,\N,103,"Horror,Mystery"
tt10197632,movie,Woman in Car,Woman in Car,0,2021,\N,109,Drama
tt10198564,movie,Death Pursuit,Death Pursuit,0,2022,\N,\N,Action
tt10198698,movie,Black Parthenope,Black Parthenope,0,2021,\N,81,Drama
tt10204800,movie,Wraith of the Umbra and Eidolon III,Wraith of the Umbra and Eidolon III,0,2024,\N,\N,\N
tt10207710,movie,The Gateway,The Gateway,0,2021,\N,91,Thriller
tt10209920,movie,Alien Wars: Judgement Day,Alien Wars: Judgement Day,0,2022,\N,90,Sci-Fi
tt10214584,movie,Women in Blue,Women in Blue,0,2021,\N,88,Documentary
tt10215434,movie,Hearts on Fire: Crossfire,Corazones en Llamas: Fuego Cruzado,0,2021,\N,\N,Action
tt10215442,movie,"Bernice, Too","Bernice, Too",0,2022,\N,\N,Comedy
tt10216812,movie,Bloody Nun 2: The Curse,Bloody Nun 2: The Curse,0,2021,\N,70,Horror
tt10217402,movie,Así Te Vas a Despedir,Así Te Vas a Despedir,0,2023,\N,\N,Drama
tt10217620,movie,Aavartan,Aavartan,0,2021,\N,116,Musical
tt10218112,movie,Courageous Warriors Beauty from the Ashes,Courageous Warriors Beauty from the Ashes,0,2021,\N,91,Documentary
tt10220406,movie,Royal Jelly,Royal Jelly,0,2021,\N,93,"Horror,Thriller"
tt10221732,movie,Madison Baker Was Here,Madison Baker Was Here,0,2021,\N,79,"Comedy,Drama"
tt10222148,movie,Silenced as mercury rises,Silenced as mercury rises,0,2021,\N,\N,Documentary
tt10223100,movie,The Tenth Lodge,The Tenth Lodge,0,2021,\N,\N,Drama
tt10223460,movie,Marry Me,Marry Me,0,2022,\N,112,"Comedy,Music,Romance"
tt10223850,movie,Knockout Girls,Knockout Girls,0,2021,\N,65,"Action,Drama"
tt10225380,movie,Multiverso,Multiverso,0,2022,\N,\N,Action
tt10225762,movie,Container,Konteiner,0,2023,\N,\N,\N
tt10225926,movie,616 Wilford Lane,616 Wilford Lane,0,2021,\N,85,Horror
tt10226642,movie,HERbeat,HERbeat,0,2022,\N,\N,Documentary
tt10228134,movie,Jolt,Jolt,0,2021,\N,91,"Action,Comedy,Crime"
tt10228618,movie,The Mick and the Trick,The Mick and the Trick,0,2022,\N,\N,Comedy
tt10228976,movie,Last American Horror Show: Volume II,Last American Horror Show: Volume II,0,2022,\N,\N,Horror
tt10229068,movie,Birdie,Birdie,0,2021,\N,\N,Drama
tt10229260,movie,Tales from Las Cruces,Tales from Las Cruces,0,2021,\N,120,"Action,Horror,Thriller"
tt10229984,movie,Recital,Recital,0,2021,\N,\N,"Comedy,Drama"
tt10230376,movie,Three Pints and a Rabbi,Three Pints and a Rabbi,0,2021,\N,73,"Fantasy,Mystery"
tt10230400,movie,Triangle Love,Triangle Love,0,2021,\N,\N,"Drama,Romance"
tt10230590,movie,Hashtag Blessed: The Movie,Hashtag Blessed: The Movie,0,2021,\N,\N,Family
tt10230994,movie,Beckett,Beckett,0,2021,\N,110,"Action,Crime,Drama"
tt10231726,movie,The Darker the Lake,The Darker the Lake,0,2022,\N,\N,"Crime,Mystery,Thriller"
tt10232096,movie,Buran,Buran,0,2021,\N,\N,Drama
tt10233946,movie,Killer Drone,Killer Drone,0,2022,\N,\N,Action
tt10234010,movie,Dark Ditties Presents 'Dad',Dark Ditties Presents 'Dad',0,2021,\N,\N,Horror
tt1023464,movie,The Lost Girls,The Lost Girls,0,2022,\N,100,"Drama,Fantasy"
tt10234990,movie,Stroke of Luck,Stroke of Luck,0,2022,\N,81,Comedy
tt10239266,movie,Three Generations: The Women of Hollywood,Women of New Hollywood,0,2021,\N,\N,Documentary
tt10241130,movie,Three Legged Horse,Three Legged Horse,0,2021,\N,\N,Drama
tt10243676,movie,After Blue,After Blue (Paradis sale),0,2021,\N,127,"Fantasy,Sci-Fi"
tt10245072,movie,Salem's Lot,Salem's Lot,0,2022,\N,\N,Horror
tt10245776,movie,The Canyonlands,The Canyonlands,0,2021,\N,99,Horror
tt10247646,movie,The Perfect Mistress V: Happy Ending,The Perfect Mistress V: Happy Ending,0,2021,\N,\N,"Adventure,Drama,Romance"
tt10247678,movie,Sensation,Sensation,0,2021,\N,99,"Mystery,Sci-Fi,Thriller"
tt10250868,movie,Immenhof - Das große Versprechen,Immenhof - Das große Versprechen,0,2022,\N,100,"Adventure,Drama,Family"
tt10251718,movie,Corazones sin Control,Corazones sin Control,0,2023,\N,\N,Action
tt10254354,movie,Bait Pro,Bait Pro,0,2021,\N,\N,Comedy
tt10258706,movie,I'm Not Special,I'm Not Special,0,2021,\N,40,\N
tt10260844,movie,Queen of Spades,Queen of Spades,0,2021,\N,91,Horror
tt10261794,movie,Spare Me,Spare Me,0,2021,\N,\N,"Comedy,Horror"
tt10261964,movie,Jekyll vs. Hyde,Jekyll vs. Hyde,0,2022,\N,\N,Horror
tt10262112,movie,Nobel Peace,Nobel Peace,0,2021,\N,121,Drama
tt10262648,movie,Compartment Number 6,Hytti nro 6,0,2021,\N,107,"Drama,Romance"
tt10264286,movie,Damascus Dreams,Damascus Dreams,0,2021,\N,84,Documentary
tt10265034,movie,Land,Land,0,2021,\N,89,"Adventure,Drama"
tt10265764,movie,"Lucia, Lucia","Lucia, Lucia",0,2021,\N,\N,"Adventure,Drama,Romance"
tt10268316,movie,Not a Slave,Not a Slave,0,2021,\N,81,Drama
tt10270204,movie,La Voluntaria,La Voluntaria,0,2022,\N,\N,Drama
tt10270250,movie,Dusty to Meet Rusty,Dusty to Meet Rusty,0,2021,\N,\N,"Adventure,Drama"
tt10271638,movie,What Went Wrong?,¿Qué hicimos mal?,0,2021,\N,79,Drama
tt10271696,movie,Rat Park,Rat Park,0,2022,\N,\N,Drama
tt10272402,movie,Project Kahuta,Project Kahuta,0,2022,\N,82,"Biography,History,Thriller"
tt10274124,movie,Mutiny of the Red Water,Mutiny of the Red Water,0,2021,\N,98,"Adventure,Animation,Sci-Fi"
tt10275534,movie,Misanthrope,Misanthrope,0,2022,\N,\N,"Crime,Drama,Mystery"
tt10275546,movie,Aelay,Aelay,0,2021,\N,153,"Comedy,Drama"
tt10276482,movie,Text for You,Text for You,0,2022,\N,\N,"Comedy,Drama,Romance"
tt10278448,movie,The Island of Forgiveness,The Island of Forgiveness,0,2022,\N,90,Drama
tt10278542,movie,Site,Site,0,2022,\N,\N,"Horror,Thriller"
tt10280296,movie,Sardar Udham,Sardar Udham,0,2021,\N,164,"Biography,Crime,Drama"
tt10282962,movie,Parvaaz: The Journey,Parvaaz: The Journey,0,2021,\N,115,Family
tt10284138,movie,The Red Prince,El Principe Rojo,0,2023,\N,120,Biography
tt10284468,movie,Five Stars,Five Stars,0,2021,\N,\N,Action
tt10285624,movie,La señora no está,La señora no está,0,2021,\N,\N,Drama
tt10286268,movie,CryptoKings,CryptoKings,0,2022,\N,\N,Thriller
tt10287908,movie,Spring,Spring,0,2021,\N,87,"Drama,Romance"
tt10288908,movie,The Weary Traveler,The Weary Traveler,0,2022,\N,\N,Horror
tt10289564,movie,Kalantaka,Kalantaka,0,2021,\N,\N,Thriller
tt10290510,movie,Operación Camarón,Operación Camarón,0,2021,\N,90,Comedy
tt10293406,movie,The Power of the Dog,The Power of the Dog,0,2021,\N,126,"Drama,Romance,Western"
tt10293560,movie,Ett Forlatt Hjem,Ett Forlatt Hjem,0,2025,\N,\N,Thriller
tt10293932,movie,Cinema of Sleep,Cinema of Sleep,0,2021,\N,105,"Mystery,Thriller"
tt10294634,movie,Wildfire: The Legend of the Cherokee Ghost Horse,Wildfire,0,2022,\N,\N,Family
tt10295212,movie,Shershaah,Shershaah,0,2021,\N,135,"Action,Biography,Drama"
tt10295314,movie,Expired,Loveland,0,2022,\N,\N,Romance
tt10295430,movie,Paramapadham Vilayattu,Paramapadham Vilayattu,0,2021,\N,121,Thriller
tt10298810,movie,Lightyear,Lightyear,0,2022,\N,\N,"Action,Adventure,Animation"
tt10298840,movie,Strange World,Strange World,0,2022,\N,\N,"Action,Adventure,Animation"
tt10298848,movie,Untitled Disney Live Action Project 2023,Untitled Disney Live Action Project 2023,0,2023,\N,\N,\N
tt10298870,movie,La Flamme Rouge,La Flamme Rouge,0,2021,\N,94,"Crime,Drama,Thriller"
tt10299282,movie,Creating Giants,Creating Giants,0,2021,\N,\N,Documentary
tt10299780,movie,The Reunited States,The Reunited States,0,2021,\N,84,Documentary
tt10299834,movie,Path to Midnight,Path to Midnight,0,2022,\N,\N,"Crime,Thriller"
tt10299902,movie,Baby Money,Baby Money,0,2021,\N,93,Thriller
tt10300394,movie,Star Wars: Rogue Squadron,Rogue Squadron,0,2023,\N,\N,"Action,Adventure,Drama"
tt10300396,movie,Untitled Taika Waititi Star Wars Film,Untitled Taika Waititi Star Wars Film,0,2025,\N,\N,"Action,Adventure,Fantasy"
tt10300398,movie,Untitled Star Wars Film,Untitled Star Wars Film,0,2027,\N,\N,"Action,Adventure,Fantasy"
tt10300450,movie,Laabam,Laabam,0,2021,\N,144,"Action,Drama"
tt10300570,movie,Kadaisi Vivasayi,Kadaisi Vivasayi,0,2021,\N,122,"Comedy,Drama"
tt10302826,movie,La métaphysique du berger,La métaphysique du berger,0,2021,\N,72,Documentary
tt10303148,movie,Wending,Wending,0,2021,\N,\N,\N
tt10303888,movie,The Law of Destiny,La Loi Du Destin,0,2021,\N,\N,Thriller
tt10303926,movie,Volviendo a Casa: Victoria,Volviendo a Casa: Victoria,0,2022,\N,\N,"Action,Drama"
tt10303934,movie,Mi Asesina Aprendiz,Mi Asesina Aprendiz,0,2023,\N,\N,"Comedy,Crime"
tt10303994,movie,The Hostage,The Hostage,0,2021,\N,\N,Drama
tt10304134,movie,Untitled Disney Live Action Project,Untitled Disney Live Action Project,0,2022,\N,\N,\N
tt10304140,movie,Untitled Disney Live Action Project,Untitled Disney Live Action Project,0,2022,\N,\N,\N
tt10304142,movie,Untitled David O. Russell,Untitled David O. Russell,0,2022,\N,\N,"Drama,History"
tt10304194,movie,Untitled Disney Live Action Project,Untitled Disney Live Action Project,0,2022,\N,\N,\N
tt10305228,movie,Creepers 'R Us,Creepers 'R Us,0,2023,\N,\N,"Comedy,Horror"
tt10305256,movie,Alone in the Night,Alone in the Night,0,2022,\N,\N,"Horror,Thriller"
tt10305738,movie,PUNI,PUNI,0,2022,\N,\N,Drama
tt10306116,movie,The Purger Justice,The Purger Justice,0,2024,\N,\N,"Action,Crime,Fantasy"
tt10306450,movie,The Kindred,The Kindred,0,2021,\N,94,Thriller
tt10307724,movie,Madame Claude,Madame Claude,0,2021,\N,112,"Biography,Crime,Drama"
tt10307870,movie,Zal,Zal,0,2023,\N,\N,"Comedy,Drama"
tt10308502,movie,An Intrusion,An Intrusion,0,2021,\N,98,"Crime,Drama,Thriller"
tt10308878,movie,Big Gold Brick,Big Gold Brick,0,2022,\N,132,"Comedy,Fantasy"
tt10309902,movie,Chehre,Chehre,0,2021,\N,139,"Drama,Mystery,Thriller"
tt10310074,movie,True Things,True Things,0,2021,\N,102,Drama
tt10311018,movie,Brother's Keeper,Okul Tirasi,0,2021,\N,85,Drama
tt10312408,movie,Glorious Empire,Glorious Empire,0,2022,\N,\N,"Drama,Thriller"
tt10312938,movie,Of Unwanted Things and People,Of Unwanted Things and People,0,2023,\N,\N,Animation
tt10313634,movie,The Nostradamus Mission: The New Age,The Nostradamus Mission: The New Age,0,2023,\N,\N,"Drama,Fantasy,Sci-Fi"
tt10313738,movie,Esther & Maude,Esther & Maude,0,2021,\N,\N,Drama
tt10313806,movie,Why?,Why?,0,2021,\N,78,Horror
tt10314040,movie,Unplugging,Unplugging,0,2022,\N,\N,"Comedy,Romance"
tt10314548,movie,Heart of Champions,Heart of Champions,0,2021,\N,119,"Drama,Sport"
tt10315050,movie,Dampyr,Dampyr,0,2022,\N,\N,Fantasy
tt10317422,movie,Xeneizes,Xeneizes,0,2021,\N,\N,Documentary
tt10318096,movie,Reunion of Champions,Reunion of Champions,0,2021,\N,\N,"Action,Comedy,Drama"
tt10321490,movie,Levi Roots,Levi Roots,0,2022,\N,\N,"Comedy,Drama"
tt10322274,movie,Schumacher,Schumacher,0,2021,\N,112,"Biography,Documentary,Sport"
tt10323428,movie,Evil Lurks,Evil Lurks,0,2022,\N,150,Horror
tt10323676,movie,The Contractor,The Contractor,0,2022,\N,\N,"Action,Thriller"
tt10327130,movie,Soul Eclipse,Soul Eclipse,0,2021,\N,133,Drama
tt10327252,movie,The Forever Purge,The Forever Purge,0,2021,\N,103,"Action,Horror,Thriller"
tt10327760,movie,Holler Rumble,Holler Rumble,0,2022,\N,\N,Crime
tt10328046,movie,The Final Sacrifice: Directors Cut,The Final Sacrifice: Directors Cut,0,2022,\N,\N,Action
tt10329022,movie,Después de Ti,Después de Ti,0,2021,\N,90,"Comedy,Drama"
tt10329614,movie,Censor,Censor,0,2021,\N,84,"Horror,Mystery"
tt10332372,movie,Paki,Paki,0,2022,\N,85,"Action,Drama"
tt10332500,movie,Major Majestyk: The Power of the Crystals,Major Majestyk: The Power of the Crystals,0,2022,\N,\N,Sci-Fi
tt10332588,movie,Finding 'Ohana,Finding 'Ohana,0,2021,\N,123,"Action,Adventure,Comedy"
tt10332620,movie,Crows Are White,Crows Are White,0,2022,\N,\N,Documentary
tt10333426,movie,Bliss,Bliss,0,2021,\N,103,"Drama,Romance"
tt10333474,movie,Vecinos: The Movie,Vecinos: The Movie,0,2021,\N,\N,Romance
tt10333688,movie,Incantation,Incantation,0,2022,\N,\N,Thriller
tt10334438,movie,Becoming Cousteau,Becoming Cousteau,0,2021,\N,94,"Adventure,Biography,Documentary"
tt10337974,movie,Dougley,Dougley,0,2021,\N,\N,"Comedy,Drama"
tt10338118,movie,Lady,Lady,0,2022,\N,\N,"Comedy,Drama,Fantasy"
tt10339052,movie,Best Sellers,Best Sellers,0,2021,\N,102,"Comedy,Drama"
tt10340460,movie,Si vive una volta sola,Si vive una volta sola,0,2021,\N,105,Comedy
tt10340562,movie,Etharkkum Thunindhavan,Etharkkum Thunindhavan,0,2022,\N,151,"Action,Drama"
tt10341034,movie,Black Box,Boîte noire,0,2021,\N,129,"Drama,Mystery,Thriller"
tt10341040,movie,Around the World in 80 Days,Around the World in 80 Days,0,2021,\N,82,"Adventure,Animation,Comedy"
tt10342228,movie,Narco Sub,Narco Sub,0,2021,\N,93,"Action,Crime,Drama"
tt10342336,movie,A Song to Kill For,A Song to Kill For,0,2021,\N,\N,Action
tt10342492,movie,Tales of the Natchez Trace,Tales of the Natchez Trace,0,2021,\N,\N,"Drama,History,Western"
tt10342730,movie,Spiral,Spiral: From the Book of Saw,0,2021,\N,93,"Crime,Drama,Horror"
tt10342914,movie,Lair,Lair,0,2021,\N,96,"Horror,Thriller"
tt10344404,movie,A Biography of Great Proportions,A Biography of Great Proportions,0,2021,\N,102,"Biography,Drama"
tt10345546,movie,Barroz: Guardian of D'Gama's Treasure,Barroz: Guardian of D'Gama's Treasure,0,2022,\N,\N,"Action,Adventure,Fantasy"
tt10345782,movie,The Catholic School,La scuola cattolica,0,2021,\N,106,Drama
tt10345880,movie,Slugger O'Toole,Slugger O'Toole,0,2022,\N,\N,"Comedy,Drama"
tt10346674,movie,Lamya's Poem,Lamya's Poem,0,2021,\N,89,"Adventure,Animation,Family"
tt10347354,movie,Rings of the Unpromised,Rings of the Unpromised,0,2022,\N,\N,Drama
tt10347850,movie,The Island of Wonder and Despair,The Island of Wonder and Despair,0,2023,\N,90,"Mystery,Thriller"
tt10350204,movie,Buckley's Chance,Buckley's Chance,0,2021,\N,95,Family
tt10350420,movie,Similar Plates,Similar Plates,0,2024,\N,\N,"Comedy,Drama,Horror"
tt10351180,movie,Bad Boy,Bad Boy,0,2022,\N,\N,"Comedy,Romance"
tt10352594,movie,Kingslayer,Kingslayer,0,2022,\N,\N,Action
tt10354106,movie,The Stars at Noon,The Stars at Noon,0,2022,\N,\N,Drama
tt10355058,movie,Secret Agent Dingledorf and His Trusty Dog Splat,Secret Agent Dingledorf and His Trusty Dog Splat,0,2021,\N,89,"Comedy,Family"
tt10358560,movie,Souls: Lost Tapes,Souls: Lost Tapes,0,2021,\N,\N,"Horror,Thriller"
tt10358566,movie,Loren & Rose,Loren & Rose,0,2022,\N,\N,Drama
tt10358782,movie,The Journey,The Journey,0,2021,\N,110,"Action,Animation,Fantasy"
tt10360004,movie,Killers Club,Killers Club,0,2021,\N,90,Action
tt10360772,movie,My Best Friend Anne Frank,Mijn beste vriendin Anne Frank,0,2021,\N,103,Drama
tt10360808,movie,The Cow Who Sang a Song Into the Future,The Cow Who Sang a Song Into the Future,0,2022,\N,98,Drama
tt10360860,movie,Things Worth Weeping For,Things Worth Weeping For,0,2021,\N,83,"Comedy,Drama"
tt10362566,movie,The Exorcism of God,The Exorcism of God,0,2021,\N,98,"Drama,Horror"
tt10363028,movie,Hercules Dark Hero,Hercules Dark Hero,0,2021,\N,\N,"Action,Adventure,Fantasy"
tt10363280,movie,Backup,Backup,0,2023,\N,\N,"Sci-Fi,Thriller"
tt10364034,movie,Ladybug & Cat Noir: Awakening,Ladybug & Cat Noir: Awakening,0,2022,\N,\N,"Action,Adventure,Animation"
tt10364272,movie,Alienated,Alienated,0,2021,\N,99,"Romance,Sci-Fi"
tt10365912,movie,Becoming Led Zeppelin,Becoming Led Zeppelin,0,2021,\N,137,"Documentary,Music"
tt10366168,movie,Shane,Shane,0,2022,\N,95,"Documentary,Sport"
tt10366206,movie,John Wick: Chapter 4,John Wick: Chapter 4,0,2023,\N,\N,"Action,Crime,Thriller"
tt10366418,movie,Róise & Frank,Róise & Frank,0,2022,\N,90,Drama
tt10366460,movie,CODA,CODA,0,2021,\N,111,"Comedy,Drama,Music"
tt10366514,movie,Eiffel,Eiffel,0,2021,\N,108,"Biography,Drama,History"
tt10366574,movie,Prayers for the Stolen,Noche de fuego,0,2021,\N,110,Drama
tt10367074,movie,Red Sandra,Red Sandra,0,2021,\N,107,Drama
tt10368680,movie,Below the Fold,Below the Fold,0,2021,\N,92,"Drama,Mystery,Thriller"
tt10369252,movie,Are You Happy Now,Are You Happy Now,0,2021,\N,\N,"Comedy,Romance"
tt10369346,movie,Shakespeare's Mummy,Shakespeare's Mummy,0,2022,\N,\N,"Action,Adventure,Comedy"
tt10369928,movie,Vagabond Lover 1999,Vagabond Lover 1999,0,2022,\N,\N,"Crime,Drama,Mystery"
tt10370042,movie,Rising Wolf,Ascendant,0,2021,\N,102,"Fantasy,Mystery,Sci-Fi"
tt10370308,movie,Ama'ara: The Song of the Whales,Ama'ara: The Song of the Whales,0,2021,\N,95,Documentary
tt10370710,movie,The Worst Person in the World,Verdens verste menneske,0,2021,\N,127,"Comedy,Drama,Romance"
tt10370822,movie,Detective Chinatown 3,Detective Chinatown 3,0,2021,\N,136,"Action,Adventure,Comedy"
tt10370886,movie,The Storms of Jeremy Thomas,The Storms of Jeremy Thomas,0,2021,\N,94,Documentary
tt10373344,movie,Fisherman's Friends 2,Fisherman's Friends 2,0,2022,\N,\N,"Comedy,Drama,Music"
tt10373728,movie,Love Bug,Love Bug,0,2021,\N,83,Drama
tt10374714,movie,Desert of the Real,Disbeliever,0,2022,\N,\N,Documentary
tt10374874,movie,Two Minutes to Midnight,Two Minutes to Midnight,0,2022,\N,\N,Thriller
tt10375094,movie,Pada,Pada,0,2022,\N,\N,Drama
tt10375112,movie,Clodagh,Clodagh,0,2021,\N,\N,Drama
tt10375264,movie,Vienna,Vienna,0,2021,\N,\N,Action
tt10375632,movie,C'est magnifique!,C'est magnifique!,0,2021,\N,98,Comedy
tt10375916,movie,Night of the Sicario,Blindsided,0,2021,\N,82,"Action,Drama,Thriller"
tt10376010,movie,Bob Spit: We Do Not Like People,Bob Spit: We Do Not Like People,0,2021,\N,90,Animation
tt10376078,movie,Other People,Inni ludzie,0,2021,\N,106,Drama
tt10376800,movie,Petite Solange,Petite Solange,0,2021,\N,86,Drama
tt10376988,movie,60 Minutes to Kill,60 Minutes to Kill,0,2022,\N,\N,"Action,Crime,Mystery"
tt10377864,movie,Titanoboa,Titanoboa,0,2022,\N,\N,"Action,Horror"
tt10378662,movie,The Denny Dooley Story,The Denny Dooley Story,0,2022,\N,\N,Drama
tt10380202,movie,The Hit Man,The Hit Man,0,2022,\N,\N,Documentary
tt10380900,movie,Petrov's Flu,Petrovy v grippe,0,2021,\N,145,"Comedy,Crime,Drama"
tt10381014,movie,The War Below,The War Below,0,2021,\N,96,"Drama,History,War"
tt10384192,movie,His Name Is Ray,His Name Is Ray,0,2021,\N,88,Documentary
tt10384366,movie,A Perfect Vintage,A Perfect Vintage,0,2021,\N,97,Documentary
tt10384456,movie,Terror Trips,Terror Trips,0,2021,\N,87,Horror
tt10384534,movie,Silent River,Silent River,0,2021,\N,121,"Drama,Sci-Fi"
tt10384842,movie,The People vs. Vegas Dave,The People vs. Vegas Dave,0,2021,\N,\N,Documentary
tt10385020,movie,"Blood, Skulls and Chrome","Blood, Skulls and Chrome",0,2022,\N,\N,"Action,Crime"
tt10386790,movie,General Admission,General Admission,0,2021,\N,85,"Crime,Drama"
tt10387302,movie,A Manchester Story,A Manchester Story,0,2021,\N,92,Documentary
tt10387560,movie,Out of Touch,La piel ajena,0,2022,\N,90,Drama
tt10392128,movie,Attention au départ,Attention au départ,0,2021,\N,93,Comedy
tt10392872,movie,The Vanishing Time,The Vanishing Time,0,2022,\N,\N,"Drama,Romance"
tt10393074,movie,Amy Tan: Unintended Memoir,Amy Tan: Unintended Memoir,0,2021,\N,101,"Biography,Documentary"
tt10393414,movie,King of Shadows,King of Shadows,0,2021,\N,\N,Animation
tt10393870,movie,Jayeshbhai Jordaar,Jayeshbhai Jordaar,0,2022,\N,121,Comedy
tt10394176,movie,Tunnel To The Inferno,Tunnel To The Inferno,0,2021,\N,125,"Drama,Fantasy,Horror"
tt10394622,movie,Tiempo entre olivos,Tiempo entre olivos,0,2023,\N,\N,Documentary
tt10396036,movie,The Great Traveller,The Great Traveller,0,2021,\N,97,"Comedy,Drama,Mystery"
tt10396450,movie,Karmalink,Karmalink,0,2021,\N,101,"Drama,Sci-Fi"
tt10398318,movie,Nan: The Movie,Nan: The Movie,0,2022,\N,\N,Comedy
tt10399608,movie,Piggy,Cerdita,0,2022,\N,90,"Drama,Horror,Thriller"
tt10399628,movie,Beauitful Life,A Beautiful Life,0,2022,\N,\N,"Documentary,Drama"
tt10400028,movie,I Am Zlatan,I Am Zlatan,0,2021,\N,100,"Biography,Drama,Sport"
tt10402574,movie,Who Shot Colosio?,Who Shot Colosio?,0,2021,\N,\N,Documentary
tt10402832,movie,Sour,Sour,0,2021,\N,70,"Crime,Horror,Thriller"
tt10402836,movie,Three Lives and One Dream,Three Lives and One Dream,0,2021,\N,\N,Documentary
tt10402840,movie,The Truth Has Changed,The Truth Has Changed,0,2021,\N,116,Drama
tt10403572,movie,The Teen Commandments,The Teen Commandments,0,2021,\N,\N,Comedy
tt10403714,movie,Into the Devil's Reach,Into the Devil's Reach,0,2021,\N,\N,Action
tt10404226,movie,Bridle,Bridle,0,2022,\N,\N,Documentary
tt10404910,movie,Wake Up Punk,Wake Up Punk,0,2022,\N,\N,Documentary
tt10405022,movie,The Score,The Score,0,2021,\N,100,"Crime,Music,Romance"
tt10405532,movie,Detainee 001,Detainee 001,0,2021,\N,85,Documentary
tt10406596,movie,You Are Not My Mother,You Are Not My Mother,0,2021,\N,93,"Drama,Horror"
tt10407144,movie,Mama Bears,Mama Bears,0,2022,\N,90,Documentary
tt10407798,movie,Nepotism Kingdom,Nepotism Kingdom,0,2022,\N,120,"Action,Drama,Thriller"
tt10408218,movie,Pizzodyssey,Pizzodyssey,0,2022,\N,\N,Comedy
tt10409102,movie,Man Under Table,Man Under Table,0,2021,\N,79,"Comedy,Drama,Fantasy"
tt10410506,movie,Brainwashed: Sex-Camera-Power,Brainwashed: Sex-Camera-Power,0,2022,\N,105,Documentary
tt10410818,movie,Baraat Bandi,Baraat Bandi,0,2021,\N,\N,Comedy
tt10413092,movie,Hope's Legacy,Hope's Legacy,0,2021,\N,103,"Animation,Drama,Family"
tt10413230,movie,The Disappearance of Mrs. Wu,The Disappearance of Mrs. Wu,0,2021,\N,88,\N
tt10414276,movie,American Cherry,American Cherry,0,2021,\N,\N,"Drama,Romance,Thriller"
tt10415020,movie,L'homme parfait,L'homme parfait,0,2022,\N,86,Comedy
tt10415472,movie,Munduvareda Adhyaya,Munduvareda Adhyaya,0,2021,\N,102,"Action,Thriller"
tt10415494,movie,Ek Love Ya,Ek Love Ya,0,2022,\N,\N,"Action,Musical,Romance"
tt10415600,movie,Salaga,Salaga,0,2021,\N,124,"Action,Crime,Thriller"
tt10415664,movie,Paris'in Sirri,Paris'in Sirri,0,2021,\N,\N,Comedy
tt10415684,movie,Ravine,Hasadék,0,2021,\N,92,Drama
tt10418462,movie,Mnemosyne,Mnemosyne,0,2023,\N,\N,Documentary
tt10418662,movie,Awake,Awake,0,2021,\N,96,"Action,Adventure,Drama"
tt10419130,movie,A Wicked Eden,A Wicked Eden,0,2021,\N,96,Documentary
tt10422948,movie,NASTASYA,NASTASYA,0,2021,\N,\N,Documentary
tt10423106,movie,The Sun Does Not Move,The Sun Does Not Move,0,2021,\N,110,Sci-Fi
tt10423286,movie,G Storm,G fung bou,0,2021,\N,83,"Action,Crime"
tt10425998,movie,The Place in Between,The Place in Between,0,2022,\N,\N,"Drama,Sport"
tt10426580,movie,We Burn Like This,We Burn Like This,0,2021,\N,81,Drama
tt10427178,movie,Atlas of Iladrael,Atlas of Iladrael,0,2022,\N,90,Fantasy
tt10427830,movie,Road of Dreams,Road of Dreams,0,2021,\N,\N,Drama
tt10428326,movie,Prindey,Prindey,0,2022,\N,\N,Action
tt10430030,movie,The Raven and the Rowan Tree,The Raven and the Rowan Tree,0,2021,\N,\N,Drama
tt10430844,movie,Honest to God,Honest to God,0,2022,\N,118,Comedy
tt10430850,movie,Rushed,Rushed,0,2021,\N,101,"Crime,Drama,Horror"
tt10431332,movie,Legend Quest: The Origin,Las Leyendas: El Origen,0,2021,\N,\N,"Adventure,Animation,Comedy"
tt10431414,movie,The Bertelli's,The Bertelli's,0,2021,\N,\N,Drama
tt10431556,movie,They Come in Waves,Untitled Walking Distance Horror Project,0,2021,\N,\N,"Drama,Horror,Thriller"
tt10433262,movie,Waiting for May,Waiting for May,0,2021,\N,70,Comedy
tt10433602,movie,Django/Zorro,Django/Zorro,0,2022,\N,\N,"Adventure,Drama,Western"
tt10434706,movie,A Reckoning in Boston,A Reckoning in Boston,0,2021,\N,83,Documentary
tt10435128,movie,One Four Three,One Four Three,0,2021,\N,\N,"Drama,Thriller"
tt10437216,movie,Future Fear,Future Fear,0,2021,\N,92,"Horror,Sci-Fi"
tt10437232,movie,L'Arme Ultime,L'Arme Ultime,0,2021,\N,\N,Sci-Fi
tt10438050,movie,Forevermind,Forevermind,0,2023,\N,\N,Drama
tt10438150,movie,The Gods 2,Untitled Mykel Shannon Jenkins Project,0,2022,\N,\N,"Action,Romance,Thriller"
tt10438230,movie,Skeletons,Skeletons,0,2022,\N,\N,Horror
tt10438512,movie,The Hive,La ruche,0,2021,\N,81,Drama
tt10441878,movie,A Mesma Parte de Um Homem,A Mesma Parte de Um Homem,0,2021,\N,99,Drama
tt10442096,movie,The Barn Part II,The Barn Part II,0,2022,\N,\N,Horror
tt10442852,movie,Triple OG,Triple OG,0,2022,\N,\N,Action
tt10443794,movie,The United Way,The United Way,0,2021,\N,90,"Documentary,History,Sport"
tt10444512,movie,Dreams Score,Dreams Score,0,2022,\N,\N,Drama
tt10447006,movie,Major Majestyk: Victorian demon-hunter,Major Majestyk: Victorian demon-hunter,0,2023,\N,\N,Sci-Fi
tt10447052,movie,Major Majestyk: The Diaries,Major Majestyk: The Diaries,0,2023,\N,\N,Sci-Fi
tt10447368,movie,Pompano Boy,Pompano Boy,0,2021,\N,\N,Drama
tt10447604,movie,Fear Blood and Gold,Fear Blood and Gold,0,2022,\N,91,Western
tt10448124,movie,West Michigan,West Michigan,0,2021,\N,76,Drama
tt10448458,movie,Sometime Other Than Now,Sometime Other Than Now,0,2021,\N,89,"Drama,Romance"
tt10448662,movie,Bender: The Final Hustle,Bender: Poslednyaya afera,0,2021,\N,\N,"Action,Adventure"
tt10449158,movie,The Works,The Works,0,2022,\N,\N,Documentary
tt10449310,movie,Aylan Baby,Aylan Baby,0,2022,\N,\N,Drama
tt10450852,movie,Deep Six,Deep Six,0,2022,\N,\N,Action
tt10451312,movie,The Marco Effect,Marco effekten,0,2021,\N,125,"Crime,Thriller"
tt10451914,movie,Outside the Wire,Outside the Wire,0,2021,\N,114,"Action,Adventure,Fantasy"
tt10451932,movie,7 Murders a Day,7 Murders a Day,0,2021,\N,80,Documentary
tt10452434,movie,Kunjeldho,Kunjeldho,0,2021,\N,129,Comedy
tt10453044,movie,The Last Spark,The Last Spark,0,2021,\N,84,"Horror,Mystery,Thriller"
tt10456804,movie,Querido Fidel,Querido Fidel,0,2021,\N,91,Comedy
tt10457168,movie,My Fiona,My Fiona,0,2021,\N,87,Drama
tt10459872,movie,Bandido,Bandido,0,2021,\N,97,\N
tt10461442,movie,Dick Dynamite 1944,Dick Dynamite 1944,0,2021,\N,\N,"Action,Comedy,Horror"
tt10461964,movie,Finding Tess,Finding Tess,0,2023,\N,95,Romance
tt10462154,movie,La plus précieuse des marchandises,La plus précieuse des marchandises,0,2022,\N,\N,Animation
tt10463270,movie,Shouting Silence,Shouting Silence,0,2021,\N,95,"Crime,Drama,Thriller"
tt10465668,movie,Dante's Divine Comedy,Dante's Divine Comedy,0,2021,\N,\N,"Animation,Fantasy,Musical"
tt10466384,movie,Bize Müsaade,Bize Müsaade,0,2021,\N,110,Comedy
tt10468276,movie,One More Step West is the Sea: Ruth Weiss,One More Step West is the Sea: Ruth Weiss,0,2021,\N,\N,Documentary
tt10469740,movie,Evil in Plain Sight,Evil in Plain Sight,0,2022,\N,\N,Drama
tt10471692,movie,Scavenger,Scavenger,0,2022,\N,\N,"Action,Adventure,Sci-Fi"
tt10472094,movie,Inheritance,Inheritance,0,2021,\N,86,"Horror,Thriller"
tt10473008,movie,The Coffin Bound Kings,The Coffin Bound Kings,0,2021,\N,60,"Action,Crime,Drama"
tt10475916,movie,Historias incompletas,Historias incompletas,0,2021,\N,\N,Drama
tt10476458,movie,Normal Terror,Normal Terror,0,2021,\N,102,Horror
tt10476644,movie,Kiss my brass,Kiss my brass,0,2021,\N,62,Documentary
tt10476832,movie,Roma Caput Disco,Roma Caput Disco,0,2021,\N,\N,Documentary
tt10476870,movie,Gore: All Hallows' Eve,Gore: All Hallows' Eve,0,2021,\N,\N,Horror
tt10477192,movie,Better Living Through Chemistry,Better Living Through Chemistry,0,2021,\N,\N,Documentary
tt10477354,movie,Hell or High Seas,Hell or High Seas,0,2021,\N,90,Documentary
tt10478422,movie,The Year of the Soul,The Year of the Soul,0,2022,\N,104,Drama
tt10481760,movie,Nightline,Promlceno,0,2022,\N,\N,\N
tt10481976,movie,Connie,Connie,0,2021,\N,73,"Biography,Documentary,Music"
tt10481990,movie,Rabia and Olivia,Rabia and Olivia,0,2021,\N,86,"Drama,Family"
tt10482032,movie,Implosion,Implosion,0,2021,\N,80,Drama
tt10482654,movie,I'm 'George Lucas': A Connor Ratliff Story,I'm 'George Lucas': A Connor Ratliff Story,0,2021,\N,\N,Documentary
tt10482844,movie,Time Now,Time Now,0,2021,\N,90,"Drama,Thriller"
tt10483044,movie,Cousins,Cousins,0,2021,\N,98,Drama
tt10483386,movie,Mumbai Saga,Mumbai Saga,0,2021,\N,135,"Action,Crime"
tt10483598,movie,Lena,Lena,0,2021,\N,\N,Documentary
tt10485176,movie,Runway Bound,Runway Bound,0,2021,\N,\N,Documentary
tt10485250,movie,Laurent Garnier: Off the Record,Laurent Garnier: Off the Record,0,2021,\N,90,"Documentary,Music"
tt10487696,movie,Wanton Want,Wanton Want,0,2021,\N,92,"Drama,Fantasy,Romance"
tt10487912,movie,Project Pay Day,Project Pay Day,0,2021,\N,91,Family
tt10488710,movie,Operation Sundarbans,Operation Sundarbans,0,2021,\N,\N,"Action,Thriller"
tt10489128,movie,Unbound Evil,Unbound Evil,0,2022,\N,82,"Horror,Mystery"
tt10493472,movie,Ammonium Nitrate,Ammonium Nitrate,0,2022,\N,\N,Action
tt10495392,movie,Attic,Attic,0,2022,\N,\N,"Drama,Horror,Mystery"
tt10498792,movie,Too Late,Too Late,0,2021,\N,80,"Comedy,Horror"
tt10499938,movie,Dark Tiles,Dark Tiles,0,2022,\N,88,"Horror,Mystery,Thriller"
tt10501764,movie,Aaha,Aaha,0,2021,\N,146,Sport
tt10501952,movie,Violeta y los días Grises,Violeta y los días Grises,0,2021,\N,84,"Comedy,Romance"
tt10503270,movie,Broken,Broken,0,2022,\N,\N,Thriller
tt10503528,movie,A Royal Loss (The Prince Documentary),A Royal Loss (The Prince Documentary),0,2022,\N,\N,Documentary
tt10503736,movie,The Ghosts of Borley Rectory,The Ghosts of Borley Rectory,0,2021,\N,80,"Drama,Horror,Mystery"
tt10503798,movie,El Regreso de La Llorona,El Regreso de La Llorona,0,2021,\N,73,Horror
tt10503950,movie,King Size,King Size,0,2022,\N,\N,"Comedy,Fantasy"
tt10504248,movie,The Northwoods,The Northwoods,0,2021,\N,\N,Thriller
tt10504992,movie,Basenji,Basenji,0,2021,\N,81,"Drama,Horror,Thriller"
tt10505316,movie,Lost Illusions,Illusions perdues,0,2021,\N,149,"Drama,History"
tt10505918,movie,L2: Empuraan,L2: Empuraan,0,2023,\N,\N,"Action,Crime,Thriller"
tt10508446,movie,Sing to Me Sylvie,Sing to Me Sylvie,0,2021,\N,104,"Drama,Music,Romance"
tt10509374,movie,"Baby, Don't Cry","Baby, Don't Cry",0,2021,\N,90,"Crime,Romance,Thriller"
tt10509906,movie,The Long Night,The Coven,0,2022,\N,\N,Horror
tt10509944,movie,Derby,Derby,0,2022,\N,\N,"Comedy,Drama,Family"
tt10510256,movie,Blasé L.A.,Blasé L.A.,0,2022,\N,\N,Drama
tt10510280,movie,School's Out Forever,School's Out Forever,0,2021,\N,105,"Comedy,Drama,Horror"
tt10512248,movie,North Central,North Central,0,2022,\N,\N,Drama
tt10512418,movie,BADAMASI (Portrait of a General),BADAMASI (Portrait of a General),0,2021,\N,135,"Biography,History,Thriller"
tt10513930,movie,Where We're From: The Elements Documentary,Where We're From: The Elements Documentary,0,2021,\N,\N,Documentary
tt10514056,movie,Unsilenced,Unsilenced,0,2021,\N,108,Drama
tt10514104,movie,Hoodie,Hoodie,0,2022,\N,\N,Drama
tt10514932,movie,Ageless Love,Ageless Love,0,2021,\N,99,Romance
tt10515720,movie,Champagne!,Champagne!,0,2022,\N,\N,Comedy
tt10515864,movie,Furioza,Furioza,0,2021,\N,139,"Action,Crime,Drama"
tt10515988,movie,Paranormal Activity: Next of Kin,Paranormal Activity: Next of Kin,0,2021,\N,98,"Horror,Mystery,Thriller"
tt10516196,movie,The Getaway King,"Najmro: Kocha, kradnie, szanuje",0,2021,\N,100,"Action,Comedy,Crime"
tt10518098,movie,San 84 Justice,San 84 Justice,0,2021,\N,80,Family
tt10518176,movie,Padavettu,Padavettu,0,2022,\N,\N,Comedy
tt10518732,movie,Exposure 36,Exposure 36,0,2022,\N,\N,"Sci-Fi,Thriller"
tt10520392,movie,The Charmed Life of Fig Dauphine,The Charmed Life of Fig Dauphine,0,2021,\N,\N,Comedy
tt10520754,movie,The Sleeping Negro,The Sleeping Negro,0,2021,\N,73,Drama
tt10521144,movie,Nightbooks,Nightbooks,0,2021,\N,103,"Family,Fantasy,Horror"
tt10521244,movie,Between Forever,Between Forever,0,2021,\N,83,"Drama,Romance"
tt10521476,movie,Babel Raid,Babel Raid,0,2021,\N,\N,"Action,Adventure,Comedy"
tt10523122,movie,Death Cast,Death Cast,0,2021,\N,74,"Horror,Thriller"
tt10524336,movie,Here comes the sun,Here comes the sun,0,2021,\N,\N,Documentary
tt10524876,movie,Lullaby,Lullaby,0,2021,\N,\N,Drama
tt10526266,movie,Stambul Garden,Räuberhände,0,2021,\N,89,Drama
tt10528948,movie,Hero Mode,Hero Mode,0,2021,\N,88,Comedy
tt10533804,movie,Let Us In,Let Us In,0,2021,\N,84,"Horror,Sci-Fi"
tt10534500,movie,#Home,#Home,0,2021,\N,158,Drama
tt10535392,movie,Riddle Me This (Fan Film),Riddle Me This (Fan Film),0,2021,\N,71,Thriller
tt10535522,movie,On Sacred Ground,On Sacred Ground,0,2022,\N,114,Drama
tt10536088,movie,The Big Bend,The Big Bend,0,2021,\N,103,\N
tt10536638,movie,Stand Up,Stand Up,0,2021,\N,\N,Comedy
tt10537660,movie,Do You Do You Saint-Tropez,Mystère à Saint-Tropez,0,2021,\N,89,"Comedy,Crime,Mystery"
tt10538846,movie,Third Love,Third Love,0,2021,\N,105,"Romance,Thriller"
tt10539172,movie,While We Sleep,While We Sleep,0,2021,\N,92,Horror
tt10540146,movie,Yaya e Lennie: The Walking Liberty,Yaya e Lennie: The Walking Liberty,0,2021,\N,110,Animation
tt10540510,movie,Inu-oh,Inu-ô,0,2021,\N,98,"Animation,Fantasy,Music"
tt10541410,movie,A Fada do Lar,A Fada do Lar,0,2022,\N,\N,Comedy
tt10542492,movie,Unboxed,Unboxed,0,2021,\N,\N,Horror
tt10542588,movie,The Pack. Brotherhood of Kain.,The Pack. Brotherhood of Kain.,0,2022,\N,\N,Documentary
tt10543530,movie,The Fall of Camp Blood,The Fall of Camp Blood,0,2022,\N,\N,Horror
tt10544302,movie,ArchHeroes Origins,ArchHeroes Origins,0,2023,\N,\N,"Adventure,Fantasy,Sci-Fi"
tt10544328,movie,El camino de Sol,El camino de Sol,0,2021,\N,\N,Drama
tt10544978,movie,The Forbidden Wish,The Forbidden Wish,0,2021,\N,\N,Drama
tt10545214,movie,Aliya Basu Gayab Hai,Aliya Basu Gayab Hai,0,2021,\N,\N,Drama
tt10545296,movie,The Ballad of Songbirds and Snakes,The Ballad of Songbirds and Snakes,0,2023,\N,\N,"Action,Adventure,Sci-Fi"
tt10545298,movie,Bony,Bony,0,2021,\N,116,Sci-Fi
tt10545696,movie,Maigret,Maigret,0,2022,\N,\N,Crime
tt10545704,movie,Adieu Monsieur Haffmann,Adieu Monsieur Haffmann,0,2021,\N,115,Drama
tt10545940,movie,Blade of the Assassin,Blade of the Assassin,0,2021,\N,\N,Action
tt10548482,movie,Raw Power,Raw Power,0,2023,\N,\N,Drama
tt10548822,movie,El año decisivo,El año decisivo,0,2021,\N,\N,Documentary
tt10549980,movie,The Dark Side Of Opulent III,The Dark Side Of Opulent III,0,2021,\N,\N,Drama
tt10551126,movie,The Legend Hunters,The Legend Hunters,0,2021,\N,\N,\N
tt10551162,movie,The Shrinking of Treehorn,The Shrinking of Treehorn,0,2023,\N,\N,Animation
tt10553438,movie,Something About Love,Zwaar verliefd! 2,0,2021,\N,105,"Comedy,Romance"
tt10553928,movie,Battle Bordel,Battle Bordel,0,2021,\N,84,Comedy
tt10555544,movie,Ring of Desire,Ring of Desire,0,2021,\N,\N,Thriller
tt10555608,movie,All Aboard,All Aboard,0,2021,\N,\N,Drama
tt10556674,movie,Bastard's Crossing,Bastard's Crossing,0,2021,\N,95,"Thriller,Western"
tt10556756,movie,Who is Sleeping in Silver Grey,Who is Sleeping in Silver Grey,0,2021,\N,102,"Drama,Fantasy,Mystery"
tt10558652,movie,O Palestrante Motivacional,O Palestrante Motivacional,0,2022,\N,\N,Comedy
tt10560338,movie,Bhasadbaaz,Bhasadbaaz,0,2021,\N,60,"Comedy,Drama"
tt10563232,movie,Afraid of the Dark,Afraid of the Dark,0,2021,\N,\N,Horror
tt10564870,movie,Shame,Shame,0,2022,\N,118,Mystery
tt10565666,movie,"Me, Myself and Di","Me, Myself and Di",0,2021,\N,93,Comedy
tt10568496,movie,From Ashes,From Ashes,0,2021,\N,\N,"Action,Fantasy,Romance"
tt10569656,movie,Sami,Sami,0,2021,\N,75,"Drama,Family,War"
tt10569922,movie,Bunty Aur Babli 2,Bunty Aur Babli 2,0,2021,\N,138,"Comedy,Romance"
tt10572658,movie,Collection,Collection,0,2021,\N,87,"Crime,Drama,Thriller"
tt10573946,movie,There's Something About Mario,Quem Vai Ficar com Mário?,0,2021,\N,111,"Comedy,Musical,Romance"
tt10573984,movie,Koko,Koko,0,2021,\N,100,"Comedy,Drama,Romance"
tt10574244,movie,Jekyll and Hyde Retold,Jekyll and Hyde Retold,0,2021,\N,62,"Drama,Thriller"
tt10576862,movie,The Podcast Revolution,The Podcast Revolution,0,2021,\N,\N,Documentary
tt10577826,movie,The Swim,The Swim,0,2021,\N,92,"Adventure,Documentary"
tt10579952,movie,Master,Master,0,2021,\N,179,"Action,Thriller"
tt10579986,movie,Mom's Coming,Mom's Coming,0,2022,\N,\N,"Horror,Musical,Thriller"
tt10580170,movie,The Pancake Ghost,The Pancake Ghost,0,2021,\N,\N,Musical
tt10580260,movie,In Memoriam,In Memoriam,0,2021,\N,\N,Thriller
tt10581938,movie,Karishma,Karishma,0,2021,\N,\N,Sci-Fi
tt10583174,movie,Untitled TCMC Fan Film,Untitled TCMC Fan Film,0,2021,\N,\N,Horror
tt10583406,movie,Ancestors from the Stars,Ancestors from the Stars,0,2022,\N,\N,Adventure
tt10587522,movie,The Audiologist,The Audiologist,0,2021,\N,\N,"Musical,Romance"
tt10588310,movie,Linger,Linger,0,2022,\N,\N,Thriller
tt10588504,movie,Mind-set,Mind-set,0,2022,\N,90,"Comedy,Drama"
tt10588912,movie,Muerte de un Hombre Viejo,Muerte de un Hombre Viejo,0,2021,\N,\N,Thriller
tt10589738,movie,Libertad,Libertad,0,2021,\N,104,Drama
tt10590744,movie,Dart,Dart,0,2021,\N,\N,\N
tt10592842,movie,Sodo Express,Sodo Express,0,2021,\N,\N,Drama
tt10592946,movie,Curse of the stone: So it begins,Curse of the stone: So it begins,0,2021,\N,\N,Fantasy
tt10593750,movie,Hababam Sinifi Yaz Oyunlari,Hababam Sinifi Yaz Oyunlari,0,2021,\N,108,Comedy
tt10595006,movie,Lost in Paradise,Lost in Paradise,0,2021,\N,75,"Comedy,Drama"
tt10597228,movie,Love Song and Power,Love Song and Power,0,2022,\N,90,Drama
tt10598156,movie,Dhaakad,Dhaakad,0,2022,\N,\N,Action
tt10601552,movie,Slapface,Slapface,0,2021,\N,85,"Horror,Thriller"
tt10601948,movie,Beyond the Wasteland,Beyond the Wasteland,0,2021,\N,93,Documentary
tt10603290,movie,The Dawnsayer,The Dawnsayer,0,2021,\N,90,"Biography,Documentary,History"
tt10603372,movie,Prince,Le Prince,0,2021,\N,125,Drama
tt10605740,movie,Humanity Stoked,Humanity Stoked,0,2022,\N,97,Documentary
tt10605812,movie,The Girl Who Killed Her Parents,A Menina que Matou os Pais,0,2021,\N,80,"Crime,Drama,Thriller"
tt10607068,movie,The Attic,The Attic,0,2022,\N,\N,"Horror,Mystery,Thriller"
tt10607372,movie,The Horrible Hunters,The Horrible Hunters,0,2021,\N,60,"Crime,Documentary,Drama"
tt10608854,movie,Maskhara,Maskhara,0,2021,\N,\N,"Drama,Thriller"
tt10610440,movie,Tipsy,Tipsy,0,2022,\N,\N,"Adventure,Thriller"
tt10610666,movie,The Kybalion,The Kybalion,0,2022,\N,\N,"Documentary,Fantasy"
tt10612048,movie,Mercy,Mercy,0,2021,\N,\N,"Action,Fantasy,Horror"
tt10612362,movie,A Spark in Nothing,A Spark in Nothing,0,2021,\N,146,"Drama,Romance"
tt10613030,movie,Sam & Mattie Make a Zombie Movie,Sam & Mattie Make a Zombie Movie,0,2021,\N,\N,Documentary
tt10613176,movie,Space Baby,Space Baby,0,2021,\N,\N,"Family,Fantasy,Sci-Fi"
tt10615792,movie,The Sixth Borough of Hip-Hop,The Sixth Borough of Hip-Hop,0,2021,\N,\N,Documentary
tt10616760,movie,Shadow of the Cat,La Sombra Del Gato,0,2021,\N,87,"Adventure,Fantasy"
tt10616984,movie,It's What's on the Inside,It's What's On the Inside,0,2021,\N,\N,Drama
tt10617166,movie,Gunnar Fischer: Metamorphosis of Light,Gunnar Fischer: Metamorphosis of Light,0,2023,\N,\N,Documentary
tt10617192,movie,Once Upon a Lifetime,Once Upon a Lifetime,0,2021,\N,\N,"Drama,Fantasy"
tt10618682,movie,Addict Named Hal,Addict Named Hal,0,2021,\N,92,Drama
tt10619392,movie,Realm of Shadows,Realm of Shadows,0,2021,\N,85,Thriller
tt10619494,movie,MAHATAH - Side Stories from Main Stations,MAHATAH - Side Stories from Main Stations,0,2021,\N,\N,Documentary
tt10620070,movie,Divine Telepathy,Divine Telepathy,0,2022,\N,\N,Drama
tt10620100,movie,Dualatee,Dualatee,0,2021,\N,\N,Comedy
tt10620904,movie,The Gods and Ghosts of Bleecker Street,The Gods and Ghosts of Bleecker Street,0,2022,\N,\N,Musical
tt10621206,movie,The Dreams in Gary's Basement,The Dreams in Gary's Basement,0,2021,\N,\N,Documentary
tt10621248,movie,BEÒ,BEÒ,0,2021,\N,\N,Documentary
tt10621250,movie,Kid Combat,Kid Combat,0,2021,\N,\N,Action
tt10622972,movie,Jhimma,Jhimma,0,2021,\N,130,Drama
tt10623178,movie,Alida,Alida,0,2021,\N,105,Documentary
tt10626774,movie,Waking Up Dead,Waking Up Dead,0,2021,\N,71,Comedy
tt10627274,movie,El Blanco,El Blanco,0,2021,\N,\N,Drama
tt10627530,movie,Life Ain't Like the Movies,Life Ain't Like the Movies,0,2021,\N,85,Drama
tt10627804,movie,A Walk in the Park,A Walk in the Park,0,2022,\N,96,Comedy
tt10627874,movie,The Hunter,The Hunter,0,2022,\N,\N,Documentary
tt10629014,movie,Checkout,Checkout,0,2021,\N,\N,Thriller
tt10631074,movie,Bonded by Blood,Bonded by Blood,0,2023,\N,\N,Documentary
tt10631148,movie,They Live in the Grey,They Live in the Grey,0,2022,\N,\N,"Horror,Thriller"
tt10631206,movie,Topology of Sirens,Topology of Sirens,0,2021,\N,106,Mystery
tt10632226,movie,Nudo mixteco,Nudo mixteco,0,2021,\N,91,Drama
tt10633878,movie,Lecciones para canallas,Lecciones para canallas,0,2022,\N,\N,Comedy
tt10633944,movie,Shipment Day,Shipment Day,0,2022,\N,\N,Drama
tt10635042,movie,Sailor Moon Eternal,Gekijouban Bishoujo Senshi Sailor Moon Eternal,0,2021,\N,160,"Action,Adventure,Animation"
tt10635588,movie,A Christmas Wish,A Christmas Wish,0,2021,\N,90,Family
tt10635900,movie,Bloodtype,Bloodtype,0,2022,\N,\N,Thriller
tt10636130,movie,Making Sense,Making Sense,0,2021,\N,\N,Drama
tt10637398,movie,Wicked Games: Inspired by Real Events,Wicked Games: Inspired by Real Events,0,2021,\N,\N,Romance
tt10637824,movie,The Surrogate,The Surrogate,0,2022,\N,90,Horror
tt10638108,movie,Swamper,Swamper,0,2021,\N,\N,Crime
tt10638320,movie,Black Coffee,Black Coffee,0,2021,\N,142,Comedy
tt10638906,movie,Wikipedia,Wikipedia,0,2022,\N,\N,\N
tt10639194,movie,793,793,0,2021,\N,\N,"Crime,Horror,Mystery"
tt10639214,movie,Dead & Beautiful,Dead & Beautiful,0,2021,\N,98,"Drama,Horror,Thriller"
tt10640346,movie,Babylon,Babylon,0,2022,\N,\N,Drama
tt10640760,movie,The Wrong Path,The Wrong Path,0,2021,\N,87,Thriller
tt10642268,movie,Call for a Poetic City,Call for a Poetic City,0,2021,\N,59,Documentary
tt10644276,movie,Orphan Asylum,Orphan Asylum,0,2021,\N,\N,Horror
tt10644372,movie,Lone Wolf,Lone Wolf,0,2021,\N,103,"Drama,Sci-Fi,Thriller"
tt10644708,movie,Dhokha,Dhokha,0,2022,\N,\N,"Crime,Thriller"
tt10645852,movie,Chronicles Of The Anunnaki,Chronicles Of The Anunnaki,0,2021,\N,\N,Action
tt10645874,movie,Rex Blood,Rex Blood,0,2021,\N,\N,"Action,Fantasy,Sci-Fi"
tt10646310,movie,Wings Over Water,Wings Over Water,0,2022,\N,\N,Documentary
tt10648326,movie,Grey Eyes,Grey Eyes,0,2021,\N,100,"Action,Sci-Fi"
tt10648342,movie,Thor: Love and Thunder,Thor: Love and Thunder,0,2022,\N,\N,"Action,Adventure,Fantasy"
tt10648908,movie,Ann,Ann,0,2022,\N,90,Drama
tt10648938,movie,Side Effects,Side Effects,0,2022,\N,\N,Drama
tt10649008,movie,I'm Not in Love,I'm Not in Love,0,2021,\N,84,Comedy
tt10650376,movie,The Second Age of Aquarius,The Second Age of Aquarius,0,2022,\N,\N,"Comedy,Sci-Fi"
tt10650798,movie,Karachi 81,Karachi 81,0,2021,\N,\N,"Action,Drama,Thriller"
tt10651084,movie,Phatte Dinde Chakk Punjabi,Phatte Dinde Chakk Punjabi,0,2022,\N,70,Comedy
tt10651230,movie,The Peasants,The Peasants,0,2021,\N,\N,Drama
tt10652948,movie,Undertaker,Undertaker,0,2021,\N,99,Drama
tt10654434,movie,The Curse of Raven Heights,The Curse of Raven Heights,0,2021,\N,\N,Horror
tt10654470,movie,Rex Blood,Rex Blood,0,2021,\N,\N,"Action,Fantasy,Sci-Fi"
tt10654952,movie,The Machinery of Death,The Machinery of Death,0,2021,\N,\N,Documentary
tt10655320,movie,Mother Noose Presents Once Upon a Nightmare,Mother Noose Presents Once Upon a Nightmare,0,2021,\N,\N,Horror
tt10656034,movie,Moras biti ziv da bi umro,Moras biti ziv da bi umro,0,2021,\N,60,"Comedy,Drama"
tt10656212,movie,Buya Hamka,Buya Hamka,0,2022,\N,\N,"Biography,Drama,History"
tt10657684,movie,Dedo,Deedo,0,2021,\N,96,"Comedy,Sci-Fi"
tt10659270,movie,Rehab Cabin,Rehab Cabin,0,2021,\N,78,Comedy
tt10660510,movie,Emergence: Out of the Shadows,Emergence: Out of the Shadows,0,2021,\N,80,Documentary
tt10661100,movie,The Last Darling Bulgaria,The Last Darling Bulgaria,0,2021,\N,90,"Biography,Drama,Mystery"
tt10661500,movie,Gun and a Hotel Bible,Gun and a Hotel Bible,0,2021,\N,58,Drama
tt10661710,movie,Born a Champion,Born a Champion,0,2021,\N,112,"Action,Drama,Sport"
tt10661848,movie,Jagame Thandhiram,Jagame Thandhiram,0,2021,\N,158,"Action,Crime,Drama"
tt10665338,movie,Halloween Kills,Halloween Kills,0,2021,\N,105,"Horror,Thriller"
tt10665342,movie,Halloween Ends,Halloween Ends,0,2022,\N,\N,"Horror,Thriller"
tt10666128,movie,Playing in the FM Band: The Steve Post Story,Playing in the FM Band: The Steve Post Story,0,2022,\N,\N,Documentary
tt10666594,movie,Laguna Ave,Laguna Ave,0,2021,\N,80,"Comedy,Sci-Fi"
tt10667360,movie,Payne,Payne,0,2021,\N,\N,Horror
tt10669868,movie,Acting: The First Six Lessons,Acting: The First Six Lessons,0,2021,\N,\N,Drama
tt10669914,movie,Infelices para Siempre,Infelices para Siempre,0,2022,\N,\N,Comedy
tt10669918,movie,Hometown: Sins of the Fathers,Hometown: Sins of the Fathers,0,2022,\N,\N,Drama
tt10670022,movie,The Perfect Destiny,The Perfect Destiny,0,2023,\N,\N,"Drama,Family,Romance"
tt10670754,movie,Paranormal Investigators,Paranormal Investigators,0,2021,\N,77,"Comedy,Drama,Fantasy"
tt10670858,movie,The Scout,The Scout,0,2021,\N,82,Horror
tt10671182,movie,Wicked Game,Wicked Game,0,2022,\N,\N,"Action,Romance,Thriller"
tt10671328,movie,Angrej Putt,Angrej Putt,0,2021,\N,\N,Drama
tt10672888,movie,Burns House,Burns House,0,2021,\N,\N,Horror
tt10673952,movie,Sanskrit,Sanskrit,0,2021,\N,\N,\N
tt10674178,movie,Playtime: A Horror Story,Playtime: A Horror Story,0,2022,\N,\N,Horror
tt10674222,movie,Relief,Relief,0,2022,\N,90,Documentary
tt10674504,movie,Campo de Sangue,Campo de Sangue,0,2022,\N,87,Drama
tt10674614,movie,Ashley Jones Is Perfectly Normal,Ashley Jones Is Perfectly Normal,0,2021,\N,82,"Comedy,Drama"
tt10674758,movie,Blind Cop 2,Blind Cop 2,0,2021,\N,100,Action
tt10674876,movie,They Are Us,They Are Us,0,2021,\N,\N,Thriller
tt10676012,movie,To All the Boys: Always and Forever,To All the Boys: Always and Forever,0,2021,\N,109,"Comedy,Drama,Romance"
tt10676022,movie,Captains of Za'atari,Captains of Za'atari,0,2021,\N,73,"Documentary,Sport"
tt10676048,movie,The Marvels,The Marvels,0,2023,\N,\N,"Action,Adventure,Fantasy"
tt10676120,movie,Decline,Decline,0,2022,\N,\N,Horror
tt10676126,movie,Our River...Our Sky,Our River...Our Sky,0,2021,\N,117,"Drama,War"
tt10677764,movie,Ocean of Obstacles,Ocean of Obstacles,0,2021,\N,90,Documentary
tt10680006,movie,Byron and Babbage: A Calculating Story,Byron and Babbage: A Calculating Story,0,2021,\N,\N,Documentary
tt10680380,movie,Women Of Phantasm: The Documentary With Balls!,Women of Phantasm: The Documentary with Balls!,0,2022,\N,60,"Documentary,Horror"
tt10681336,movie,ArchHeroes: The Natural Nine,ArchHeroes: The Natural Nine,0,2021,\N,\N,"Action,Adventure"
tt10681354,movie,ArchHeroes: Aetherius,ArchHeroes: Aetherius,0,2021,\N,\N,"Action,Fantasy,Sci-Fi"
tt10681374,movie,ArchHeroes: Salvation,ArchHeroes: Salvation,0,2021,\N,\N,"Action,Adventure,Fantasy"
tt10682030,movie,Para-Psych Trauma,Para-Psych Trauma,0,2022,\N,\N,Horror
tt10682414,movie,Petya na moyata Petya,Petya na moyata Petya,0,2021,\N,90,Drama
tt10685750,movie,The White Rider Returns - A Sean Hunt Film,The White Rider Returns - A Sean Hunt Film,0,2022,\N,\N,Western
tt10686204,movie,Pino,Pino,0,2021,\N,60,"Documentary,History"
tt10686506,movie,Too Unexpected,Too Unexpected,0,2021,\N,53,"Drama,Thriller"
tt10687016,movie,Asbury Park,Asbury Park,0,2021,\N,117,Drama
tt10687070,movie,Mandela,Mandela,0,2021,\N,140,"Comedy,Drama"
tt10687220,movie,Nikamma,Nikamma,0,2022,\N,\N,Action
tt10687258,movie,Go Heal Yourself,Go Heal Yourself,0,2021,\N,105,Documentary
tt10687506,movie,The Electrical Life of Louis Wain,The Electrical Life of Louis Wain,0,2021,\N,111,"Biography,Drama,History"
tt10687846,movie,Tracing Thalidomide: The Story of Frances Kelsey,Tracing Thalidomide: The Story of Frances Kelsey,0,2021,\N,\N,Documentary
tt10687866,movie,Royaltee Studios Presents: Thy Kingdom Com,Royaltee Studios Presents: Thy Kingdom Com,0,2021,\N,\N,Documentary
tt10687980,movie,Thailand's Wild Cats,Thailand's Wild Cats,0,2021,\N,44,Documentary
tt10689606,movie,SpaceBoy,SpaceBoy,0,2021,\N,100,"Adventure,Family"
tt10689780,movie,Totem,Totem,0,2021,\N,72,Comedy
tt10690234,movie,Osho,Osho,0,2021,\N,\N,Biography
tt10691026,movie,A Wonderful Kingdom,A Wonderful Kingdom,0,2021,\N,79,Documentary
tt10691162,movie,Aftermath,Aftermath,0,2021,\N,114,"Drama,Horror,Mystery"
tt10692242,movie,Dead Body,Dead Body,0,2021,\N,\N,Comedy
tt10692368,movie,Because We Are,Because We Are,0,2021,\N,75,"Drama,Thriller"
tt10692424,movie,Sunnyfield Kids,Sunnyfield Kids,0,2022,\N,\N,Thriller
tt10692702,movie,Wir alle. Das Dorf,Wir alle. Das Dorf,0,2021,\N,89,Documentary
tt10692870,movie,The WORD,Slovo,0,2022,\N,\N,Drama
tt10695408,movie,He Who Lives in Hidden Lakes,He Who Lives in Hidden Lakes,0,2021,\N,96,"Adventure,Fantasy,Mystery"
tt10695634,movie,One Paul 41,One Paul 41,0,2021,\N,\N,Horror
tt10696586,movie,Some People Don't Revisit the Marriage Officiant,Al-Baadh La Yathhab Lil Maathoun Marratain,0,2021,\N,100,Comedy
tt10696784,movie,The Harder They Fall,The Harder They Fall,0,2021,\N,139,"Action,Drama,Western"
tt10696896,movie,Stillwater,Stillwater,0,2021,\N,139,"Crime,Drama,Thriller"
tt10697680,movie,The Human Solution,The Human Solution,0,2021,\N,100,Drama
tt10698174,movie,Wolf,Wolf,0,2021,\N,99,"Drama,Mystery,Thriller"
tt10698588,movie,Ghoul,Ghoul,0,2022,\N,\N,Horror
tt10698658,movie,Ritorno al crimine,Ritorno al crimine,0,2021,\N,105,Comedy
tt10698680,movie,K.G.F: Chapter 2,K.G.F: Chapter 2,0,2022,\N,\N,"Action,Crime,Drama"
tt10699086,movie,Bachchan Pandey,Bachchan Pandey,0,2022,\N,\N,"Action,Comedy,Crime"
tt10699410,movie,The Happiest Man,The Happiest Man,0,2022,\N,\N,"Comedy,Musical,Sci-Fi"
tt10701074,movie,Ponniyin Selvan: Part One,Ponniyin Selvan: Part One,0,2022,\N,\N,"Drama,Family,Fantasy"
tt10701788,movie,Rucker,Rucker,0,2022,\N,96,"Horror,Thriller"
tt10703554,movie,The Book of Harth,The Book of Harth,0,2022,\N,\N,Documentary
tt10703978,movie,The Free Fall,The Free Fall,0,2021,\N,82,Horror
tt10704342,movie,Framed,Framed,0,2021,\N,83,"Romance,Thriller"
tt10704668,movie,Tichy Spolecnik,Tichy Spolecnik,0,2021,\N,\N,Comedy
tt10704730,movie,Bet on Friendship,"Prvok, Sampon, Tecka a Karel",0,2021,\N,118,Comedy
tt10707852,movie,Killing Rainbow,Killing Rainbow,0,2023,\N,120,Thriller
tt10709484,movie,Don,Don,0,2022,\N,\N,"Comedy,Romance"
tt10709754,movie,Nightmare of Alice,Nightmare of Alice,0,2022,\N,\N,Horror
tt10710018,movie,Sexagenarian,Sexagenarian,0,2022,\N,90,"Comedy,Drama"
tt10711216,movie,Horror Express,Horror Express,0,2022,\N,\N,"Horror,Sci-Fi"
tt10712472,movie,Camp Goggles,Camp Goggles,0,2024,\N,\N,"Comedy,Drama"
tt10712788,movie,Fox Hunt,Fox Hunt,0,2021,\N,\N,Action
tt10712828,movie,Death Do Us Apart,Death Do Us Apart,0,2021,\N,\N,Action
tt10712928,movie,Stars Fell on Alabama,Stars Fell on Alabama,0,2021,\N,103,"Comedy,Drama,Romance"
tt10713496,movie,The Accident,The Accident,0,2021,\N,90,Thriller
tt10714348,movie,For Your Own Sake,For Your Own Sake,0,2021,\N,\N,"Comedy,Crime,Drama"
tt10714790,movie,Recipe for Hate,Potreba za mrznjom,0,2021,\N,81,Documentary
tt10714886,movie,Three Losses,Three Losses,0,2022,\N,60,Documentary
tt10715446,movie,Yakuza Princess,Yakuza Princess,0,2021,\N,111,Thriller
tt10716596,movie,The Reverend and Mrs Simpson,The Reverend and Mrs Simpson,0,2022,\N,120,Drama
tt10719596,movie,Venus,Venus,0,2021,\N,\N,Drama
tt10719606,movie,Intense Battles Reloaded,Intense Battles Reloaded,0,2021,\N,101,"Action,Crime"
tt10719764,movie,All Gone Wrong,All Gone Wrong,0,2021,\N,\N,Crime
tt10719916,movie,El Amarre,El Amarre,0,2021,\N,77,Horror
tt10719958,movie,The Birthday Cake,The Birthday Cake,0,2021,\N,93,"Crime,Thriller"
tt10722406,movie,Come Play with Me,Juega Conmigo,0,2021,\N,80,Horror
tt10723416,movie,Untitled XXXTentacion Documentary,Untitled XXXTentacion Documentary,0,2022,\N,\N,"Documentary,Music"
tt10724052,movie,Impostor(es),Impostor(es),0,2022,\N,100,Documentary
tt10724166,movie,The Other Side of Infinity,The Other Side of Infinity,0,2021,\N,\N,Sci-Fi
tt10724446,movie,Charlotte,Charlotte,0,2022,\N,90,Horror
tt10724982,movie,The Haddonfield Nightmare,The Haddonfield Nightmare,0,2021,\N,80,"Horror,Thriller"
tt10725428,movie,The Jackie Stiles Story,The Jackie Stiles Story,0,2021,\N,\N,Documentary
tt10726144,movie,"V chorniy, chorniy kimnati","V chorniy, chorniy kimnati",0,2021,\N,82,"Crime,Mystery"
tt10726148,movie,Ninety Sunsets,Ninety Sunsets,0,2021,\N,\N,Drama
tt10726774,movie,Il Boemo,Il Boemo,0,2022,\N,\N,"Biography,Drama,History"
tt10726872,movie,A parkolóban,A parkolóban,0,2021,\N,\N,Comedy
tt10727702,movie,The Rumba Kings,The Rumba Kings,0,2021,\N,94,Documentary
tt10728214,movie,Songs for a Sloth,Songs for a Sloth,0,2021,\N,85,"Comedy,Drama,Music"
tt10730376,movie,The Penthouse,The Penthouse,0,2021,\N,88,Thriller
tt10730868,movie,Five,Five,0,2021,\N,85,Thriller
tt10731256,movie,Don't Worry Darling,Don't Worry Darling,0,2022,\N,\N,"Crime,Drama,Horror"
tt10731688,movie,Breed,Breed,0,2021,\N,\N,Drama
tt10731768,movie,Sweet Girl,Sweet Girl,0,2021,\N,110,"Action,Drama,Thriller"
tt10731774,movie,Titz & Zhombies,Titz & Zhombies,0,2023,\N,\N,Horror
tt10732436,movie,"I love you, I swear","I love you, I swear",0,2022,\N,\N,"Comedy,Crime,Drama"
tt10732462,movie,Europa,Europa,0,2021,\N,75,"Drama,Thriller"
tt10732616,movie,Six In Old House Woods,Six In Old House Woods,0,2021,\N,\N,Horror
tt10733228,movie,Gehraiyaan,Gehraiyaan,0,2022,\N,\N,"Comedy,Drama,Romance"
tt10735164,movie,Bharatputra,Bharatputra,0,2022,\N,\N,Action
tt10735354,movie,Tall Poppies,Tall Poppies,0,2021,\N,\N,Drama
tt10735686,movie,Toxikoma,Toxikoma,0,2021,\N,124,"Biography,Drama"
tt10735838,movie,Kogda smert prishla v Bagdad,Kogda smert prishla v Bagdad,0,2022,\N,\N,"Drama,History,War"
tt10735860,movie,Operation Chicago,Operation Chicago,0,2021,\N,\N,Crime
tt10737358,movie,No Running,No Running,0,2021,\N,85,"Mystery,Sci-Fi,Thriller"
tt10737860,movie,Elle Rose,Elle Rose,0,2021,\N,100,"Comedy,Romance"
tt10737918,movie,Shin Ultraman,Shin Ultraman,0,2022,\N,\N,"Action,Adventure,Drama"
tt10738004,movie,Dünyanin sonunun geldigi gün,Dünyanin sonunun geldigi gün,0,2021,\N,\N,"Drama,Horror,Sci-Fi"
tt10738536,movie,Delicious,Délicieux,0,2021,\N,112,"Comedy,Drama,History"
tt10738666,movie,The Wanderlust of Apu,Avijatrik,0,2021,\N,136,\N
tt10738906,movie,The Feast,The Feast,0,2021,\N,93,"Drama,Horror,Mystery"
tt10739160,movie,The Pond,The Pond,0,2021,\N,96,"Drama,Horror,Mystery"
tt10739666,movie,Satyameva Jayate 2,Satyameva Jayate 2,0,2021,\N,138,"Action,Crime,Drama"
tt10740944,movie,Graves,Graves,0,2022,\N,89,"Action,Crime,Drama"
tt10741388,movie,Creatures of Necessity,Creatures of Necessity,0,2022,\N,\N,"Comedy,Crime,Thriller"
tt10741542,movie,Sherni,Sherni,0,2021,\N,131,"Action,Adventure,Drama"
tt10741670,movie,Interstate 75,Interstate 75,0,2022,\N,\N,Crime
tt10741708,movie,Nasty Women,Nasty Women,0,2021,\N,\N,Drama
tt10741846,movie,Rita Moreno: Just a Girl Who Decided to Go for It,Rita Moreno: Just a Girl Who Decided to Go for It,0,2021,\N,90,"Biography,Documentary"
tt10742934,movie,Bad Christmas,La noche mágica,0,2021,\N,93,"Comedy,Crime,Thriller"
tt10743280,movie,Dostana 2,Dostana 2,0,2021,\N,\N,Comedy
tt10743778,movie,Abiding,Abiding,0,2022,\N,\N,"Action,Crime,Drama"
tt10744316,movie,"Red Turns Into Blue: Athens, Inside-Out 2","Red Turns Into Blue: Athens, Inside-Out 2",0,2021,\N,\N,Documentary
tt10746060,movie,The Mad Hatter,The Mad Hatter,0,2021,\N,90,"Horror,Thriller"
tt10749816,movie,Muerta de amor,Muerta de amor,0,2022,\N,\N,Comedy
tt10749820,movie,Persona,Persona,0,2022,\N,\N,"Drama,Romance,Thriller"
tt10749934,movie,The Woodsman,The Woodsman,0,2021,\N,\N,"Action,Drama,Horror"
tt10749948,movie,Land of Legends,Land of Legends,0,2022,\N,110,"Action,Drama,Fantasy"
tt10750578,movie,Los Elegidos,Los Elegidos,0,2022,\N,\N,"Comedy,Family,Fantasy"
tt10751064,movie,Rebel's Run,Rebel's Run,0,2022,\N,\N,"Action,Adventure"
tt10751150,movie,Pardoned by Grace,Pardoned by Grace,0,2021,\N,\N,"Drama,Family"
tt10751454,movie,La Femme Anjola,La Femme Anjola,0,2021,\N,140,Thriller
tt10751558,movie,Immigrant,Immigrant,0,2022,\N,\N,Drama
tt10752004,movie,Love Hard,Love Hard,0,2021,\N,104,"Comedy,Romance"
tt10752476,movie,Balding,Balding,0,2022,\N,\N,"Comedy,Drama"
tt10753760,movie,Alone Together,Alone Together,0,2021,\N,\N,"Drama,Horror"
tt10755608,movie,Jamun,Jamun,0,2021,\N,92,"Drama,Family"
tt10756184,movie,Saloum,Saloum,0,2021,\N,84,"Horror,Thriller"
tt10756704,movie,Ainda estou vivo,Ainda estou vivo,0,2021,\N,\N,Documentary
tt10756784,movie,Book of Shadows,Book of Shadows,0,2021,\N,\N,"Adventure,Fantasy"
tt10757454,movie,Timir,Timir,0,2022,\N,100,"Horror,Mystery,Thriller"
tt10757922,movie,Chyby,Chyby,0,2021,\N,99,Drama
tt10758868,movie,Midsummer Night's Scheme,Midsummer Night's Scheme,0,2021,\N,\N,"Comedy,Drama"
tt10759042,movie,A Fear of Moving Forward,A Fear of Moving Forward,0,2021,\N,\N,Drama
tt10761264,movie,An Unlikely Fandom: The Impact of Thomas the Tank Engine,An Unlikely Fandom: The Impact of Thomas the Tank Engine,0,2022,\N,\N,Documentary
tt10761694,movie,Tadap,Tadap,0,2021,\N,126,"Action,Drama,Romance"
tt10762930,movie,The Graff Lab,The Graff Lab,0,2022,\N,\N,Documentary
tt10763054,movie,Dear Ike: Lost Letters to a Teen Idol,Dear Ike: Lost Letters to a Teen Idol,0,2021,\N,70,"Animation,Documentary"
tt10763252,movie,Mr. Sirso,Mr. Sirso,0,2021,\N,\N,\N
tt10763820,movie,Night Teeth,Night Teeth,0,2021,\N,107,"Action,Crime,Drama"
tt10765448,movie,C Section,C Section,0,2021,\N,\N,"Comedy,Drama"
tt10765798,movie,Supernatural Assassins,Supernatural Assassins,0,2023,\N,\N,Horror
tt10766468,movie,Gintama: The Final,Gintama: The Final,0,2021,\N,104,"Action,Animation,Comedy"
tt10767052,movie,Next Goal Wins,Next Goal Wins,0,2022,\N,97,"Comedy,Drama,Sport"
tt10767140,movie,Jesus John,Jesus John,0,2021,\N,69,"Adventure,Comedy"
tt10767360,movie,Golden Threads: The Tailor-made Revolution,Golden Threads: The Tailor-made Revolution,0,2022,\N,\N,Documentary
tt10767774,movie,Making Friends as the World Ends,Making Friends as the World Ends,0,2022,\N,\N,Drama
tt10768264,movie,L'horizon,L'horizon,0,2021,\N,85,\N
tt10768320,movie,Untitled Satanic Cult Project,Untitled Satanic Cult Project,0,2022,\N,\N,Horror
tt10771312,movie,We Are Living Things,We Are Living Things,0,2021,\N,94,Drama
tt10771666,movie,Four voyages after Columbus,Four voyages after Columbus,0,2021,\N,\N,Documentary
tt10772414,movie,A Cure for the Common Classroom,A Cure for the Common Classroom,0,2021,\N,\N,Documentary
tt10772446,movie,People of the Lost Book,People of the Lost Book,0,2021,\N,\N,Documentary
tt10772654,movie,"Have Fun, Vasya! Date in Bali","Gulyay, Vasya! Svidanie na Bali",0,2021,\N,109,Comedy
tt10773194,movie,My Dead Dad,My Dead Dad,0,2021,\N,93,Drama
tt10773626,movie,The Pebble and the Boy,The Pebble and the Boy,0,2021,\N,101,Drama
tt10773654,movie,Hysterical,Hysterical,0,2021,\N,87,Documentary
tt10773920,movie,Tales from the Great War,Tales from the Great War,0,2022,\N,\N,Horror
tt10776654,movie,Being BeBe,Being BeBe,0,2021,\N,90,Documentary
tt10776928,movie,Luis Jimenez Documentary,Luis Jimenez Documentary,0,2021,\N,\N,Documentary
tt10782740,movie,The Spider-Man 2,The Spider-Man 2,0,2021,\N,49,"Action,Adventure,Romance"
tt10782784,movie,Toy Story 2: Live Action,Toy Story 2: Live Action,0,2022,\N,92,"Action,Comedy"
tt10782918,movie,Bloodspawn,Bloodspawn,0,2022,\N,\N,Horror
tt10783008,movie,Falling Star,Falling Star,0,2021,\N,85,"Sci-Fi,Thriller"
tt10783134,movie,Lady Warrior,Lady Warrior,0,2022,\N,95,Documentary
tt10784134,movie,BD Scream 7,BD Scream 7,0,2022,\N,\N,Horror
tt10786774,movie,Sam Bahadur,Sam Bahadur,0,2021,\N,\N,War
tt10787484,movie,Whitetail,Whitetail,0,2021,\N,119,Thriller
tt10787610,movie,Suitable Etc.,Suitable Etc.,0,2022,\N,\N,"Comedy,Romance"
tt10788058,movie,Come Out Fighting,Come Out Fighting,0,2022,\N,\N,War
tt10789062,movie,Octopus Pot,Octopus Pot,0,2022,\N,\N,Drama
tt10789216,movie,Marzipan,Marzipan,0,2022,\N,\N,"Crime,Drama,Mystery"
tt10791152,movie,Supereroi,Supereroi,0,2021,\N,100,"Comedy,Drama,Romance"
tt10791784,movie,Y+,Y+,0,2021,\N,120,Drama
tt10793596,movie,Legend of Wisteria Falls,Legend of Wisteria Falls,0,2021,\N,\N,Fantasy
tt10793838,movie,Year of the Dog,Year of the Dog,0,2022,\N,67,Documentary
tt10793984,movie,Caged Birds,Caged Birds,0,2021,\N,\N,"Drama,Thriller"
tt10794866,movie,Memoirs of a Fighter,Memoirs of a Fighter,0,2021,\N,\N,Drama
tt10795342,movie,Grim Whimsy,Grim Whimsy,0,2022,\N,\N,Thriller
tt10795972,movie,Untitled Michael Smolik Documentary,Untitled Michael Smolik Documentary,0,2021,\N,\N,Documentary
tt10798824,movie,Tribaahu,Tribaahu,0,2021,\N,135,Action
tt10799616,movie,Garlic,Garlic,0,2022,\N,90,"Comedy,Drama,Fantasy"
tt10799922,movie,Painkiller,Painkiller,0,2021,\N,85,Thriller
tt10800070,movie,Playing the Crease,Playing the Crease,0,2021,\N,100,"Drama,Sport"
tt10800322,movie,Astonishing Tales of Terror: Rocktapussy!,Astonishing Tales of Terror: Rocktapussy!,0,2021,\N,\N,Fantasy
tt10801400,movie,Calm Like a Bomb,C.L.A.B.,0,2021,\N,82,Action
tt10801458,movie,Gender Crisis,Gender Crisis,0,2021,\N,80,"Comedy,Drama"
tt10801496,movie,Streamline,Streamline,0,2021,\N,86,"Drama,Sport"
tt10804144,movie,The Janus Perspective,The Janus Perspective,0,2022,\N,\N,Horror
tt10804210,movie,Where's Rose,Where's Rose,0,2021,\N,83,"Horror,Thriller"
tt10804304,movie,Mister Limbo,Mister Limbo,0,2021,\N,\N,\N
tt10805098,movie,Dividends,Dividends,0,2021,\N,\N,Thriller
tt10805146,movie,Option C,Option C,0,2021,\N,90,"Biography,Drama,History"
tt10805906,movie,Vex,Vex,0,2021,\N,50,"Action,Crime,Drama"
tt10806034,movie,Galeria Futuro,Galeria Futuro,0,2021,\N,\N,Comedy
tt10806040,movie,Valimai,Valimai,0,2022,\N,178,"Action,Crime,Thriller"
tt10808502,movie,Bruiser,Bruiser,0,2021,\N,\N,\N
tt10809108,movie,Unravelling The Ravelled Mind,Unravelling The Ravelled Mind,0,2021,\N,\N,Documentary
tt10809394,movie,The Last Fighter,The Last Fighter,0,2022,\N,\N,Action
tt10810002,movie,CAT 6,CAT 6,0,2022,\N,\N,"Horror,Thriller"
tt10810172,movie,Vertical,Vertical,0,2022,\N,\N,"Adventure,Horror,Mystery"
tt10810640,movie,Olympic Dream,Olympic Dream,0,2021,\N,84,Drama
tt10810850,movie,The Fabulous Filipino Brothers,The Fabulous Filipino Brothers,0,2021,\N,99,"Comedy,Romance"
tt10810852,movie,Al Reves,Al Reves,0,2022,\N,\N,Comedy
tt10811166,movie,The Kashmir Files,The Kashmir Files,0,2022,\N,\N,Thriller
tt10813062,movie,The Act of Reading,The Act of Reading,0,2021,\N,87,Documentary
tt10814958,movie,Beneath,Beneath,0,2022,\N,\N,"Sci-Fi,Thriller"
tt10815092,movie,Being Michelle,Being Michelle,0,2022,\N,\N,Documentary
tt10816218,movie,The Lost Cult,The Lost Cult,0,2022,\N,105,Horror
tt10816448,movie,Ranah 3 Warna,Ranah 3 Warna,0,2021,\N,\N,Drama
tt10819348,movie,Crépuscule pour un tueur,Crépuscule pour un tueur,0,2021,\N,\N,Crime
tt10820008,movie,Unchained,Unchained,0,2021,\N,85,"Action,Thriller"
tt10820418,movie,Forever Young,Forever Young,0,2022,\N,\N,Documentary
tt10822302,movie,Super Hijabi,Super Hijabi,0,2021,\N,80,Family
tt10825052,movie,Chasing Chasing Amy,Chasing Chasing Amy,0,2021,\N,\N,Documentary
tt10825610,movie,Soul of a Beast,Soul of a Beast,0,2021,\N,110,Drama
tt10825786,movie,Cross Lives,Cross Lives,0,2021,\N,\N,Drama
tt10826164,movie,Forever and a Day,Forever and a Day,0,2022,\N,\N,Drama
tt10826352,movie,Orbital One,Orbital One,0,2024,\N,\N,"Action,Adventure,Sci-Fi"
tt10826586,movie,Touch,Touch,0,2023,\N,\N,"Comedy,Family,Romance"
tt10826608,movie,Redland,Redland,0,2023,\N,\N,"Crime,Mystery,Thriller"
tt10826774,movie,Disfluency,Disfluency,0,2021,\N,95,Drama
tt10827306,movie,Ghost Swim,Ghost Swim,0,2024,\N,\N,"Crime,Horror,Mystery"
tt10827792,movie,Patchwork,Patchwork,0,2021,\N,87,Drama
tt10829654,movie,Hope's Song,Hope's Song,0,2022,\N,\N,Drama
tt10832002,movie,The Alleys,The Alleys,0,2021,\N,116,Thriller
tt10832274,movie,Swan Song,Swan Song,0,2021,\N,105,Drama
tt10832454,movie,Baywatch: The Documentary (2020),Baywatch the American Dream,0,2022,\N,\N,Documentary
tt10832720,movie,Greek Fire - Demon Spirit,The Last Ghost Hunters,0,2021,\N,76,Horror
tt10832880,movie,A Strippers Prayer,A Strippers Prayer,0,2022,\N,\N,Drama
